video_id,likes,thumbnail_link,extracted_text,labels,web_entities
XcqS9okipTU,12496,https://i.ytimg.com/vi/XcqS9okipTU/default.jpg,,[],[]
DcCh33lJLMw,82691,https://i.ytimg.com/vi/DcCh33lJLMw/default.jpg,YOGA HALLENGE,"['Entertainment', 'Physical fitness', 'Yoga', 'Performing Arts', 'Exercise', 'Yoga pants', 'Choreography', 'Hip', 'Acrobatics', 'Balance']","['Sergei Polunin', 'The Dancer', 'Smokie', 'Film director', 'Dancer', 'Trailer', 'Vimeo', 'Tina Turner', 'Dancer', 'Steven Cantor']"
UwdLlnPaRAU,19849,https://i.ytimg.com/vi/UwdLlnPaRAU/default.jpg,WIRE дема,"['Active Shirt', 'Skateboard Deck', 'Skateboard']","['Tony Hawk', 'Sitting', 'Posture', 'Ergonomics', 'unavailable', 'Health', 'Human body', 'Athlete Speakers', 'Skateboarding', 'Skateboard']"
-txKpma65ZU,4921,https://i.ytimg.com/vi/-txKpma65ZU/default.jpg,FORCED ARBITRATION,"['News', 'Television presenter', 'Blond', 'Television show', 'Display device', 'Spokesperson']","['CBS Evening News', 'Television', 'Broadcasting', 'Live television', 'Host', 'Journalist', 'TV show host', 'Newsmax', 'Tony Dokoupil', 'Ernie Anastos']"
SwqUpegUT2Q,5348,https://i.ytimg.com/vi/SwqUpegUT2Q/default.jpg,Director Interview AVENGERS Russo Bros BIG,"['Fictional character', 'Superhero', 'Hero', 'Avengers', 'Supervillain', 'Captain America']",['Meter']
682vsLy3TtE,21,https://i.ytimg.com/vi/682vsLy3TtE/default.jpg,,"['White-collar worker', 'Suit', 'Necktie', 'Meeting', 'Official', 'Government', 'Debate', 'Businessperson', 'Television show', 'Spokesperson']","['official', 'Businessperson']"
fJJBAwiOjRI,10191,https://i.ytimg.com/vi/fJJBAwiOjRI/default.jpg,,"['Happiness', 'Headgear', 'Facial expression', 'Smile', 'Knit cap', 'Fun', 'Facial hair', 'Beanie', 'Beard', 'Holiday']","['Photo caption', 'Animation', 'Internet', 'Internet meme', 'Cartoon', 'Meme', 'animated cartoon', 'Friendship', 'Subtitle']"
8XBLuU_4Qgo,22750,https://i.ytimg.com/vi/8XBLuU_4Qgo/default.jpg,TODAY TODAY,"['Food', 'Television presenter', 'Television show', 'News', 'Recipe', 'Flower Arranging', 'Houseplant']","['Elizabeth Huberdeau', 'John Cena', 'Girl', 'Dailymotion', 'Girl', 'Girl', 'Country music', 'Curzon']"
6ZfuNTqbHE8,2555411,https://i.ytimg.com/vi/6ZfuNTqbHE8/default.jpg,OFFICIAL TRAILER,"['Action', 'Film', 'Hero', 'Poster', 'Fictional character', 'Video Game Software', 'Avengers', 'Superhero', 'Fiction']","['Avengers: Infinity War', 'Hulk', 'Thanos', 'Marvel Studios', 'Superhero', 'Marvel Entertainment', 'Marvel Cinematic Universe', 'Trailer', 'Avengers: Doomsday']"
spuXN0ccRQ8,17753,https://i.ytimg.com/vi/spuXN0ccRQ8/default.jpg,LEYDEN JAR APP,"['Bottle', 'Fluid', 'Liquid', 'Plastic bottle', 'Drinkware', 'Water bottle', 'Plastic', 'Glass', 'Personal care', 'Nail']","['Cattleya orchids', 'Narcissus', 'Meter']"
BZt0qjTWNhw,27777,https://i.ytimg.com/vi/BZt0qjTWNhw/default.jpg,CAT CATCHES LASER,"['Cat', 'Felinae', 'Felidae', 'Carnivores', 'British Shorthair', 'Snout', 'Whiskers', 'Photo caption', 'Chartreux', 'Advertising']","['Tonkinese cat', 'American Wirehair', 'German Rex', 'Australian Mist', 'Arabian Mau', 'Aegean cat', 'Burmese cat', 'Napoleon cat', 'Felidae', 'Kitten']"
H-kKZujl8CI,1001,https://i.ytimg.com/vi/H-kKZujl8CI/default.jpg,,"['Cloud', 'Highland', 'Cumulus', 'atmospheric phenomenon', 'Terrain', 'geological phenomenon', 'Meteorological phenomenon', 'Prairie', 'Fell', 'Steppe']","['Mount Rainier', 'Mount Scenery', 'Mount Shasta', 'Mountain', 'Hiking', 'Magazine Mountain', 'Trail', 'perfect', 'Travel', 'Photography']"
UFz3K9ByUqE,6723,https://i.ytimg.com/vi/UFz3K9ByUqE/default.jpg,4,"['Electronic device', 'Event', 'Audio equipment', 'Entertainment', 'Microphone', 'Song', 'Singing', 'Performance', 'Blond', 'Performing Arts']","['YouTube', 'BMG', 'continual', 'available', 'contented', 'check', 'robust', 'Teleprompter']"
vDyYMcjf500,7268,https://i.ytimg.com/vi/vDyYMcjf500/default.jpg,DID YOUKNOW GAMING FORTNITE BATTLE ROYALE,"['Fictional character', 'Supervillain', 'Video Game Software']",['Meter']
zuVxgSvyffk,5203,https://i.ytimg.com/vi/zuVxgSvyffk/default.jpg,THIS MIGHT GET A TRAILER,"['Facial expression', 'Smile', 'Happiness']","['Jennifer Shahade', 'Chess', 'Chess opening', 'History of chess', 'Checkmate', 'Chess piece', 'Board Game', 'Chessly', 'Grandmaster']"
Wz_YwUpNOcw,38521,https://i.ytimg.com/vi/Wz_YwUpNOcw/default.jpg,,"['Mountain range', 'Hill station', 'Summit', 'Valley', 'Ridge', 'Alps', 'Massif', 'Mount Scenery', 'National park']","['Album', 'Ye', 'The College Dropout', 'Studio album', 'Rapping', 'Music video', 'Rapper', 'Album cover', 'Spotify', 'Image']"
CUNq2_VjRn4,238247,https://i.ytimg.com/vi/CUNq2_VjRn4/default.jpg,LUCAS SPIDER ENCORE!..,"['Happiness', 'Pest', 'Animation', 'Snout', 'Film', 'Animated cartoon']","['Tibetan spaniel', 'Pekingese', 'Cavalier King Charles Spaniel', 'Shih Tzu', 'Three-toed sloth', 'English Cocker Spaniel', 'Lhasa Apso', 'Sloths', 'Lemurs', 'Slow loris']"
PeYARbPHcvk,34575,https://i.ytimg.com/vi/PeYARbPHcvk/default.jpg,DETECTIVE PIKACHU,"['Toy', 'Screenshot', 'Video Game Software', 'Animation', 'Animated cartoon', 'Pokémon']","['Harrier', 'English Foxhound', 'Beagle', 'Dog Breed', 'Hound', 'Northern harrier', 'Show dog', 'Harrier Jump Jet', 'Birds', 'Breed']"
WknsomB28mE,20493,https://i.ytimg.com/vi/WknsomB28mE/default.jpg,,"['Lips', 'Eyelash', 'Cosmetics', 'Personal care', 'Child']",['Meter']
_yThFcog0nA,39739,https://i.ytimg.com/vi/_yThFcog0nA/default.jpg,OGE,"['Eyebrow', 'Lips', 'Nose', 'Beauty', 'Facial expression', 'Eyelash', 'Black hair', 'Tooth', 'Nail', 'Cosmetics']","['Maren Morris', 'Fashion', 'Spotify', 'Cosmetology', 'Girl', 'Aparat', 'Streaming media', 'Makeup', 'Country music']"
Kemqo35m8gk,12041,https://i.ytimg.com/vi/Kemqo35m8gk/default.jpg,,"['Blue', 'Toy', 'Plastic', 'LEGO', 'Fictional character', 'Action figure', 'Figurine', 'Baby toys']","['Cartoon', 'Animation', 'Cartoon Network India', 'Cartoon Network', 'Episode', 'Tom and Jerry', 'Cartoon Cartoons', 'Humor', 'YouTube']"
D0N3qaqXymY,892,https://i.ytimg.com/vi/D0N3qaqXymY/default.jpg,NEWS,"['Protective gear in sports', 'Jersey', 'Sports Uniform', 'Thigh', 'competition event', 'Football--Equipment and supplies', 'Protective equipment in gridiron football', 'Sportswear', 'Football helmet', 'Helmet']","['Entlebucher Mountain Dog', 'Dachshund', 'Police dog', 'Guard dog', 'Dairy', 'Dairy cattle', 'Dog']"
6SjslBAJkJI,10237,https://i.ytimg.com/vi/6SjslBAJkJI/default.jpg,PASSENGER,"['Advertising', 'Night']","['Screenshot', 'Meter']"
Zfpf5dnYA4Q,2386,https://i.ytimg.com/vi/Zfpf5dnYA4Q/default.jpg,CONCRETE ROLLER Ti,"['Plastic', 'Pipe', 'Household Cleaning Supply']",['Meter']
flLc6LmAG6c,14243,https://i.ytimg.com/vi/flLc6LmAG6c/default.jpg,,[],"['Screenshot', 'Snipping Tool', 'screenshot', 'Windows 10', 'Computer', 'Computer Monitor', 'Operating System', 'just', 'Digital image']"
WoFqmF9GHWg,7198,https://i.ytimg.com/vi/WoFqmF9GHWg/default.jpg,NETFLIX BRIGHT,"['Poster', 'Film', 'Zombie']","['Human', 'Meter']"
22iCU_bsApA,5990,https://i.ytimg.com/vi/22iCU_bsApA/default.jpg,FAIRT FIRST TAKE,"['News', 'Facial hair', 'Beard', 'Moustache', 'Television show', 'Advertising']","['TheOdd1sOut', 'Cody Lyon', 'Animation', 'Inside Out 2', 'Cartoon', 'Animator', 'Storyboard', 'Illustration', 'Film frame', 'Pixar']"
-C_rvt0SwLE,362913,https://i.ytimg.com/vi/-C_rvt0SwLE/default.jpg,vevo,"['Astronomical object', 'Universe', 'Star', 'Graphic design', 'Lens flare', 'Graphics', 'Astronomy', 'Science', 'Nebula', 'Galaxy']","['Ultrawide formats', '21:9 aspect ratio', 'Aspect ratio', '4K resolution', '16:9 aspect ratio', 'Widescreen', 'Computer Monitor', 'CinemaScope', 'Imagine Dragons', 'Smart TV']"
jLCHpZ6B1gU,28724,https://i.ytimg.com/vi/jLCHpZ6B1gU/default.jpg,13325 YOURKE EASY,"['Musical instrument', 'String instrument', 'Plucked string instrument', 'Chordophone', 'Guitar', 'Guitarist', 'Musician', 'Music', 'Entertainment', 'Folk instrument']","['Ssireum', 'Siderum', 'Bandcamp', 'YouTube', 'Wrestling', 'Intangible cultural heritage', 'Martial Art', 'NOOT NOOT FUNK']"
H5tK00zL6EQ,14970,https://i.ytimg.com/vi/H5tK00zL6EQ/default.jpg,,"['Eyewear', 'Glasses', 'Vision Care', 'Eyebrow', 'Forehead', 'Nose', 'Jaw', 'Mouth', 'Eye', 'Facial expression']","['Gentleman', 'Gentleman', 'Mind of a Genius Records', 'Mind of a Genius', 'kinocheck.com', 'famous', 'YouTube', 'Film producer', 'Trailer']"
9o2FXVhjLyY,1448,https://i.ytimg.com/vi/9o2FXVhjLyY/default.jpg,,"['Silver', 'Packaging and labeling', 'Box', 'Food', 'Label']","['Bánh tẻ', 'Chocolate bar', 'Chocolate truffle', 'Nacatamal', 'Chocolate', 'Panforte', 'Corunda', 'Bánh', 'Petit four', 'Rice']"
GBTV5ekQwWw,40164,https://i.ytimg.com/vi/GBTV5ekQwWw/default.jpg,W W REAW,"['Entertainment', 'Stage', 'Performance', 'Performing Arts']","['available', 'continual', 'BMG', 'contented', 'YouTube', 'check', 'robust']"
UUreMfN5eNA,675,https://i.ytimg.com/vi/UUreMfN5eNA/default.jpg,,"['Machine', 'Still life photography']",[]
Swv1il6PpN4,11107,https://i.ytimg.com/vi/Swv1il6PpN4/default.jpg,INSIDER,"['Food', 'Ingredient', 'Dessert', 'Recipe', 'Cake', 'Comfort food', 'Baking', 'Staple food', 'Finger food']","['Stuffing', 'Deviled egg', 'Taco', 'Stuffed mushrooms', 'Mushroom', 'Cheese Stuffed Mushrooms', 'Bacon stuffed mushrooms', 'Cream', 'Cheese', 'Chicken']"
2jSWMme12ik,3432,https://i.ytimg.com/vi/2jSWMme12ik/default.jpg,THE KENTKOKY DERBY NBC FULL RACE,"['Horse', 'Bridle', 'Animal sports', 'Horse tack', 'Jockey', 'Halter', 'Horse Supplies', 'Rein', 'equestrian sport', 'Working animal']","['Screenshot', 'Snipping Tool', '2025 Kentucky Derby', 'Computer Monitor', 'Windows 10', 'Computer', 'screenshot', 'just', 'Operating System']"
lWHZKP6xXHU,60117,https://i.ytimg.com/vi/lWHZKP6xXHU/default.jpg,,"['Facial expression', 'Cartoon', 'Fictional character', 'Animation', 'Happiness', 'Animated cartoon', 'Child art']","['Cartoon', 'Animation', 'animated cartoon', 'Meter']"
SMvZa784oow,30014,https://i.ytimg.com/vi/SMvZa784oow/default.jpg,10 MINUTE MAKEUP HENNY!,"['Eyelash', 'Blond', 'Makeover', 'Eye shadow', 'Cosmetics', 'Lipstick', 'Eye liner', 'Feathered hair', 'Hair care', 'Mascara']","['Maren Morris', 'Dailymotion', 'Girl', 'Girl', 'Album', 'Girl', 'Country music', 'Song']"
rDGt6F3xTcw,225,https://i.ytimg.com/vi/rDGt6F3xTcw/default.jpg,SWELDS,"['Video Game Software', 'Game', 'PC game', 'Model car', 'Kit car', 'Performance car', 'Sports car', 'Advertising', 'Custom car', 'Night']","['By The Calm Water', 'Trailer', 'Tonight’s the Night, Part II', '92914', 'YouTube', 'IMDb', 'Art Director', 'just', ""Can't Feel My Face""]"
jZoHuMwZwTk,16048,https://i.ytimg.com/vi/jZoHuMwZwTk/default.jpg,,"['Cylinder', 'Natural material']",['Lighting']
AWtpYfjylCo,5840,https://i.ytimg.com/vi/AWtpYfjylCo/default.jpg,OFF THE GRID,"['Hay', 'Agriculture', 'Straw', 'Field', 'Steppe', 'Farm']","['Dogo Argentino', 'American Pit Bull Terrier', 'American Staffordshire Terrier', 'Staffordshire Bull Terrier', 'Córdoba fighting dog', 'Dogue de Bordeaux', 'Bullmastiff', 'Bull Terrier', 'Tosa', 'Rhodesian Ridgeback']"
OdJh_Q5XY4U,2321,https://i.ytimg.com/vi/OdJh_Q5XY4U/default.jpg,FIGHTHYPE.COM,"['Facial expression', 'Facial hair', 'Beard', 'Moustache', 'Photo caption', 'Photobombing']","['Photograph', 'Photography', 'Image', 'Photojournalism', 'Text', 'Gervonta Davis vs. Frank Martin', 'Photo caption', 'Subtitle', 'Camera', 'Composition']"
zYX1bgxEAhw,26783,https://i.ytimg.com/vi/zYX1bgxEAhw/default.jpg,,"['News', 'Patient', 'Hospital']","['senior', 'Retirement', 'Old age', 'United States', 'Guide', 'available', 'Ageing', 'other', 'AARP']"
MsPOzYbEUqo,20119,https://i.ytimg.com/vi/MsPOzYbEUqo/default.jpg,,"['Audio equipment', 'Electronic device', 'Lips', 'Entertainment', 'Performing Arts', 'Microphone', 'Performance', 'Singing', 'Song', 'Music']",['SINGER']
3IaL0li-LWU,1976,https://i.ytimg.com/vi/3IaL0li-LWU/default.jpg,TOP 10 TECH DEALS,"['Electronic device', 'Gadget', 'Technology', 'Display device', 'Box', 'Logo', 'Advertising', 'Plastic', 'Electronics', 'Packaging and labeling']","['Display device', 'Computer Monitor']"
OvHskUT3XTI,2866,https://i.ytimg.com/vi/OvHskUT3XTI/default.jpg,FACING DEATH DOCTOR VLOG,"['Eyebrow', 'Lips', 'Facial expression', 'Eyelash', 'Black hair', 'Cosmetics', 'Nail', 'Selfie', 'Lipstick', 'Makeover']",['Meter']
BJDGBNFxO7o,44077,https://i.ytimg.com/vi/BJDGBNFxO7o/default.jpg,WE Σ LOST him,"['Facial expression', 'Facial hair', 'Beard', 'Happiness', 'Photo caption', 'Advertising', 'Moustache', 'Film']","['Karate', 'Taekwondo', 'Meter']"
p2JpSCYQKFs,4491,https://i.ytimg.com/vi/p2JpSCYQKFs/default.jpg,HOW DO SKIERS WIN RACES?,"['Recreation', 'Winter sports', 'Ski Equipment', 'Outdoor recreation', 'Ski', 'Cross-country skiing', 'Freestyle skiing', 'Nordic combined', 'Sports', 'Individual sport']","['Nordic skiing', 'Telemark skiing', 'Ski', 'Nordic combined', 'Ski mountaineering', 'Snowboarding', 'Skiing', 'Biathlon', 'Freestyle skiing', 'Speed skating']"
hwx2n-Rf0f8,3728,https://i.ytimg.com/vi/hwx2n-Rf0f8/default.jpg,NUTELLA LAVA COOKIES,"['Food', 'Ingredient', 'Finger food', 'Cookies and Crackers', 'Dessert', 'Sandwich cookie', 'Cookie', 'Baking', 'Biscuit', 'Recipe']","['Burger', 'Sausage bun', 'Chocolate sandwich', 'Hot cross bun', 'Bun', 'Bread', 'Cookie', 'Bread roll', 'Breakfast', 'Ingredient']"
JiOXpKU7tWc,13691,https://i.ytimg.com/vi/JiOXpKU7tWc/default.jpg,,"['Eyewear', 'Glasses', 'Eyebrow', 'Vision Care', 'Face', 'Nose', 'Mouth', 'Eye', 'Facial expression', 'Facial hair']","['Selfie', 'The Chainsmokers', '#SELFIE', 'Photograph', 'Self-portrait', 'Portrait', 'create', 'Image', 'Music video', 'popular']"
uYaN4OLxm08,10301,https://i.ytimg.com/vi/uYaN4OLxm08/default.jpg,E EATING HABITS,[],"['Cartoon', 'Animation', 'animated cartoon', 'Meter']"
t6rHHnABoT8,72445,https://i.ytimg.com/vi/t6rHHnABoT8/default.jpg,SPACE SMELLS LIKE BURNT WIRED STEAK,"['Advertising', 'Photo caption', 'Meat', 'Food', 'News']",['Meter']
2fGXDFiFBhg,206489,https://i.ytimg.com/vi/2fGXDFiFBhg/default.jpg,,"['Electronic device', 'Gadget', 'Communication Device', 'Telephony', 'Mobile phone', 'Display device', 'Portable communications device', 'Mobile device', 'Technology', 'Smartphone']","['iPhone X', 'Apple iPhone 13 Pro Max', 'Apple', 'Apple', 'Apple iPhone 13 Mini', 'Smartphone', 'MagSafe', 'iPhone 16e', 'Mobile Phone']"
2XQft9iwSqg,21196,https://i.ytimg.com/vi/2XQft9iwSqg/default.jpg,,"['Youth', 'Happiness', 'Smile', 'Friendship', 'Fun', 'Sitting', 'Long hair', 'Lap', 'Laughter', 'Chordophone']","['Action Figure', 'Since Apparel', 'Mythic Legions Rising Sons Regarionn', 'Newbury Comics', 'Marvel Legends', 'Guide', ""Dave It's Me"", 'Book', 'Transformers Age of the Primes Wreck ‘n Doom Collection Fisitron and Carnivac Action Figure 2-Pack']"
IU-Fo-QEpOI,40648,https://i.ytimg.com/vi/IU-Fo-QEpOI/default.jpg,FACE OFF,"['Logo', 'Happiness', 'Graphics', 'Graphic design']","['Television', 'Smart TV', 'David Katzmaier', 'TV Channel', 'Cable television', 'YouTube', 'CNET', 'create', 'opening']"
XrvedhkDN5A,14513,https://i.ytimg.com/vi/XrvedhkDN5A/default.jpg,,"['Lips', 'Facial expression', 'Happiness', 'Eyelash', 'Nail', 'Flag of the United States', 'Gesture', 'Cosmetics', 'Eye liner', 'Lipstick']","['Maren Morris', 'Girl', 'Girl', 'Country music', 'Dailymotion', 'Girl', 'create', 'Album']"
POcPgCMwYGE,1553,https://i.ytimg.com/vi/POcPgCMwYGE/default.jpg,MIC'D UP $27,"['Jersey', 'Personal protective equipment', 'Football helmet', 'Sportswear', 'Protective equipment in gridiron football', 'Gridiron football', 'Sports Fan Jersey', 'Helmet', 'Football--Equipment and supplies', 'Logo']","['American football', 'Arena football', 'Six-man football', 'Face', 'Mask', 'Facial Mask']"
yN0O8UaTnRA,27132,https://i.ytimg.com/vi/yN0O8UaTnRA/default.jpg,JMMY LIVE!,"['Muscle', 'Speech', 'News', 'Professional Wrestler', 'Spokesperson', 'Pleased', 'Song', 'Television show']","['Alex Honnold', 'Jimmy Kimmel Live!', 'Nascar', 'NASCAR', 'opening', 'Pregnancy', 'Free solo climbing', ""Nathan's""]"
2fouYHWUhZo,77802,https://i.ytimg.com/vi/2fouYHWUhZo/default.jpg,,"['Long hair', 'Screenshot', 'Step cutting', 'Happiness', 'Multimedia']","['Maren Morris', 'Girl', 'Country music', 'Girl', 'Dailymotion', 'Girl', 'Filmmaking', 'Movie theater']"
2h0bkuWzQeU,111291,https://i.ytimg.com/vi/2h0bkuWzQeU/default.jpg,,"['Jacket', 'Hat', 'Cap', 'Rapper', 'Beanie']","['Tory Lanez', 'Surfing', 'Major Lazer', 'Guide', 'Miss You', 'Miss You', 'necessary', 'Book', 'Wind wave', 'connect']"
KWDUojLbxn4,50356,https://i.ytimg.com/vi/KWDUojLbxn4/default.jpg,,"['People', 'Happiness', 'Smile', 'Facial expression', 'Tooth', 'Child', 'Fun', 'Gesture', 'Laughter', 'Love']",[]
jn9mHzXJIV0,24991,https://i.ytimg.com/vi/jn9mHzXJIV0/default.jpg,,"['Electronic device', 'Display device', 'Peripheral', 'Technology', 'Personal computer', 'Desktop computer', 'Computer hardware', 'Computer', 'Computer monitor', 'Output device']","['iMac Pro', 'AMD Vega', 'MSI', 'AMD', 'Graphics processing unit', 'CPU', '1 TB', 'TV', 'Computer Monitor']"
GOALfmDp_Dg,6492,https://i.ytimg.com/vi/GOALfmDp_Dg/default.jpg,RuPaul ALLSTARS Behind The Scenes Fourth Elimination,"['Logo', 'Advertising', 'Poster', 'Graphics', 'Graphic design']","['Graphic design', 'Design', 'Text', 'Graphics', 'Meter']"
IE-xepGLVt8,1896,https://i.ytimg.com/vi/IE-xepGLVt8/default.jpg,,"['Love', 'Happiness', 'Romance', 'Comfort', 'Hug', 'Child']","['Romance', 'Romance', '10 Steps to Love', 'Genre', 'Romance novel', 'create', 'Podcast', 'Aromanticism', 'Surprising', 'opening']"
6mkLWGy6Y3k,82016,https://i.ytimg.com/vi/6mkLWGy6Y3k/default.jpg,,"['White', 'Entertainment', 'Event', 'Performing Arts', 'Crowd', 'Performance', 'Public event', 'Monochrome', 'Night', 'Stage']","['Color', 'Monochrome', 'YouTube', 'Art', 'official', 'Lyrics', 'Poetry', 'Album', 'Mumford & Sons']"
-1yT-K3c6YI,7734,https://i.ytimg.com/vi/-1yT-K3c6YI/default.jpg,TRUTH OR DARE,"['Happiness', 'Screenshot', 'Cousin']","['light-hearted', 'Austin Fun For Kids', '2124', 'equal', 'create', '45886', 'Fun', 'Radio', 'Episode']"
_Lp5iMI8RWc,158779,https://i.ytimg.com/vi/_Lp5iMI8RWc/default.jpg,SNOW GLOBE NAILS,"['Glitter', 'Nail', 'Nail polish', 'Silver', 'Natural material', 'Nail Care', 'Artificial nails']","['Budgerigar', 'Birds', 'Parrots', 'Flock', 'Guide', 'used', 'Learning something new', 'create', 'interesting', 'available']"
gvZW4Lh-8Mc,145,https://i.ytimg.com/vi/gvZW4Lh-8Mc/default.jpg,,"['People', 'Happiness', 'Smile', 'Facial expression', 'Friendship', 'Child', 'Fun', 'Blond', 'Love', 'Toddler']","['Maren Morris', 'Girl', 'Country music', 'Girl', 'Dailymotion', 'Song', 'Girl', 'Amazon Prime Video']"
TI5bEf-BULU,119044,https://i.ytimg.com/vi/TI5bEf-BULU/default.jpg,INSIDER,"['Facial hair', 'Beard', 'Barechestedness', 'Muscle', 'Thorax', 'Moustache', 'Torso', 'Abdomen', 'Navel', 'Tattoo']","['Michael B. Jordan', 'Erik Killmonger', 'Black Panther', 'Killmonger', 'Joel Harlow', 'create', 'The Beard Shed', 'Beard', 'Hairstyle', 'unforgettable']"
l9jZFwwZQJs,122056,https://i.ytimg.com/vi/l9jZFwwZQJs/default.jpg,,"['Rabbit', 'Smile', 'Happiness', 'Fun', 'Child', 'Leporids', 'Easter Bunny', 'Recreation', 'Leisure', 'Mascot']","['Modern dance', 'Art', 'Performance M']"
qxbS8qbBL0c,5514,https://i.ytimg.com/vi/qxbS8qbBL0c/default.jpg,,"['Chordophone', 'Entertainment', 'Music', 'Performing Arts', 'Musical instrument', 'Audio equipment', 'Musician', 'Performance', 'Guitar', 'Plucked string instrument']","['other', 'available', 'contented', 'Entertainment', 'continual', 'easy', 'Definition', 'Audience', 'Context', 'Idiom']"
odHhIVjDgq8,3860,https://i.ytimg.com/vi/odHhIVjDgq8/default.jpg,,"['Dog', 'Vertebrate', 'Carnivores', 'Snout', 'Working animal', 'Retriever', 'Canidae', 'Whiskers', 'Fur', 'Golden Retriever']","['Labrador Retriever', 'Beagle', 'Kokoni', 'Alopekis', 'Mountain View Cur', 'Golden Retriever', 'Estonian Hound', 'American English Coonhound', 'Anatolian Shepherd Dog', 'Broholmer']"
waRVWv_UDCk,451,https://i.ytimg.com/vi/waRVWv_UDCk/default.jpg,SI FEURIE CNN,"['News', 'Spokesperson', 'Television presenter', 'Speech', 'White-collar worker', 'Television show', 'News conference', 'Speaker']","['Speech', 'Text', 'Meter']"
0Rt329xQUjM,7939,https://i.ytimg.com/vi/0Rt329xQUjM/default.jpg,ALIVE!,"['Smile', 'Happiness', 'Facial expression', 'Alcoholic drink', 'Facial hair', 'Beard', 'Liquor', 'Advertising', 'Alcohol', 'Drinking']","['The Chainsmokers', 'Selfie', 'Photography', 'Photograph', '#SELFIE', 'create', 'Surprising', 'Music video', 'Image', 'impressive']"
GClwSu4hKpQ,120,https://i.ytimg.com/vi/GClwSu4hKpQ/default.jpg,WE GROWING UP HIP HOP: ATLANTA,"['Happiness', 'Film', 'Night', 'Television show', 'Photo caption']","['Screenshot', 'Meter']"
qax_QIFvw_o,19100,https://i.ytimg.com/vi/qax_QIFvw_o/default.jpg,Is 50 Cent cool with Rob Kardashian? GQ,"['Facial expression', 'Facial hair', 'Happiness', 'Beard', 'Moustache', 'Screenshot', 'Beanie', 'Photo caption']","['Screenshot', 'Snipping Tool', 'Computer', 'Windows 10', 'Computer Monitor', 'Personal computer', 'screenshot', 'LEILA. GHARANI', 'Operating System']"
kqmhCaF5_44,1170,https://i.ytimg.com/vi/kqmhCaF5_44/default.jpg,,"['Santa Claus', 'Fictional character', 'Holiday', 'Winter', 'Happiness']","['Superman', 'Batman', 'The Avengers', 'Spider-Man', 'Erik Lehnsherr', 'The Avengers']"
IhhemrLxeeM,191,https://i.ytimg.com/vi/IhhemrLxeeM/default.jpg,,"['Event', 'Entertainment', 'Public event', 'Electricity', 'Night', 'Visual Effect Lighting', 'Party', 'Neon', 'Audience', 'Performing Arts']","['Light', 'Light', 'Light S.A.', '5hy']"
HaRpFCEWLE0,1783,https://i.ytimg.com/vi/HaRpFCEWLE0/default.jpg,,"['Film', 'Road trip']","['Kiss', 'Sure Know Something', 'Hard rock', 'Kiss', 'Lick It Up', 'Dynasty', 'Forever', ""I Was Made for Lovin' You"", 'future', 'Rock and roll']"
94k6kEVGZzg,75185,https://i.ytimg.com/vi/94k6kEVGZzg/default.jpg,KETUX,"['Advertising', 'Stage']","['7 Stages Theatre', 'Stages Theatre Company', 'Live', 'Stage', 'Theatre', 'Theater', 'Throwing Copper', 'Universal Music Group']"
w7HJZPlJn_U,1905,https://i.ytimg.com/vi/w7HJZPlJn_U/default.jpg,DAVID BYRNE,[],"['LED display', 'Neon Sign', 'Light-emitting diode', 'Neon', 'Meter', 'Display device']"
pKkf2KCc6xo,46884,https://i.ytimg.com/vi/pKkf2KCc6xo/default.jpg,,"['Veil', 'Bridal Veil', 'Bride', 'Wedding dress', 'Dress', 'White', 'Bridal Clothing', 'Event', 'Headgear', 'Ceremony']","['Catherine, Princess of Wales', 'Elizabeth II', 'Diana, Princess of Wales', 'Wedding of Prince William and Catherine Middleton', 'Princess of Wales', 'British royal family', 'Prince of Wales', 'Wales', 'Wedding']"
oCAbvclXL6I,10674,https://i.ytimg.com/vi/oCAbvclXL6I/default.jpg,,"['Eyebrow', 'Lips', 'Hairstyle', 'Facial expression', 'Eyelash', 'Blond', 'Long hair', 'Smile', 'Layered hair', 'Makeover']",['Blond']
fyjt5zpNAeg,7289,https://i.ytimg.com/vi/fyjt5zpNAeg/default.jpg,回,"['Graphic design', 'Science']","['Webcam', 'Camera', 'HuddleCamHD', 'live', 'HuddleCamHD 4K NDI EPTZ Webcam', 'Museum of Science', 'EarthCam', 'Boston', 'Microphone', 'Livestreaming']"
-El8z4uy5Ac,15630,https://i.ytimg.com/vi/-El8z4uy5Ac/default.jpg,CRACKED AFTER HOURS,"['Logo', 'Fictional character', 'Animation', 'Animated cartoon', 'Night']","['Llama', 'Alpaca', 'Saruman', 'impressive', 'Camelids', 'Sauron', 'used', 'Book', 'Mammal', 'popular']"
d54e3kcTlHM,14884,https://i.ytimg.com/vi/d54e3kcTlHM/default.jpg,,"['Evening', 'Holiday']","['Diplo', 'Boulder Mountain', 'Mount Baker', 'Longs Peak', 'Mount Jefferson', 'Mount Adams', 'Mount Blue Sky', 'Glacier Peak', 'Mountain', 'Mount Everest']"
XVKg8uPSb5s,895,https://i.ytimg.com/vi/XVKg8uPSb5s/default.jpg,,"['Hairstyle', 'Collar', 'Eye', 'Facial expression', 'Formal wear', 'Vintage clothing', 'Suit', 'Gesture', 'Love', 'Film']","['Natalie Wood', 'Robert Wagner', 'Natalie Wood: What Remains Behind', 'All the Fine Young Cannibals', 'Actor', 'famous', '1981', 'create', 'Image', 'Natasha Gregson Wagner']"
sZWmwHjFRPI,14808,https://i.ytimg.com/vi/sZWmwHjFRPI/default.jpg,,"['Lips', 'Black hair']","['Charli xcx', 'Pop 2', 'Album', 'Charli', 'Number 1 Angel', 'Track 10', 'Experimental pop', 'Party 4 U', 'Brat', 'Studio album']"
If-n27SUAl8,494,https://i.ytimg.com/vi/If-n27SUAl8/default.jpg,,"['Entertainment', 'Performing Arts', 'Happiness', 'Gesture', 'Choreography', 'Dance', 'Performance', 'Drama', 'Acting']",[]
Ky9aIxiGzfk,31653,https://i.ytimg.com/vi/Ky9aIxiGzfk/default.jpg,DRIVE,"['Facial expression', 'Animation', 'Fictional character', 'Happiness', 'Animated cartoon', 'Fiction']","['Cartoon', 'Tom and Jerry', 'Animation', 'Cartoon Network', 'Cartoon Network India', 'animated cartoon', 'Humor', 'Episode', 'YouTube']"
DdLYSziSXII,382902,https://i.ytimg.com/vi/DdLYSziSXII/default.jpg,,"['Entertainment', 'Event', 'Performing Arts', 'Performance', 'Fun', 'Concert dance', 'Talent show', 'Dance', 'Musical theatre', 'Choreography']",[]
YML2DM0K8DQ,8756,https://i.ytimg.com/vi/YML2DM0K8DQ/default.jpg,COMME vevo,"['Font', 'Graphics', 'Graphic design']","['Logo', 'Meter']"
6xnTeGwRCGY,71,https://i.ytimg.com/vi/6xnTeGwRCGY/default.jpg,,"['Necktie', 'Suit', 'White-collar worker', 'Formal wear', 'Gesture', 'Speech', 'Businessperson', 'Official', 'Spokesperson', 'Television presenter']","['Speech', 'Public speaking', 'Audience']"
kz3MEd1Jr0Q,69503,https://i.ytimg.com/vi/kz3MEd1Jr0Q/default.jpg,ALL NIGHT,"['Night', 'Font', 'Darkness', 'Midnight', 'Graphics', 'Design', 'Graphic design', 'Science']","['Graphic design', 'Design', 'Text', 'Graphics', 'Meter']"
nRafaCcfrcI,439189,https://i.ytimg.com/vi/nRafaCcfrcI/default.jpg,VOGUE,"['Long hair', 'Ringlet', 'Makeover', 'Lace wig', 'Hair care', 'Cosmetics', 'Personal care']","['Maren Morris', 'Girl', 'Dailymotion', 'Girl', 'YouTube', 'Country music', 'Movie theater']"
uwUchGQRXKM,23889,https://i.ytimg.com/vi/uwUchGQRXKM/default.jpg,OMIGAUDO,"['Eyelash', 'Personal care', 'Cosmetics', 'Makeover', 'Advertising', 'Mascara', 'Lipstick', 'Eye shadow', 'Hair care', 'Box']","['Maren Morris', 'Dailymotion', 'Girl', 'Girl', 'Country music', 'Girl', 'create', 'loved']"
bSYNEkkuhoA,4612,https://i.ytimg.com/vi/bSYNEkkuhoA/default.jpg,MATCHA,"['Moustache', 'Nail', 'Food', 'Hemp', 'Selfie']",['Meter']
TxY10VhmLR4,28961,https://i.ytimg.com/vi/TxY10VhmLR4/default.jpg,MORE UNICORN MAKEUP,"['Eye shadow', 'Eyelash', 'Cosmetics', 'Pink', 'Personal care', 'Makeover', 'Mascara', 'Lipstick', 'Eye liner', 'Palette']","['Maren Morris', 'Girl', 'Country music', 'Girl', 'Dailymotion', 'YouTube', 'Girl']"
ZKUerb6IH4Y,3318,https://i.ytimg.com/vi/ZKUerb6IH4Y/default.jpg,XMAS SHOPPING,"['Bag', 'Luggage & bags', 'Advertising', 'Retail', 'Customer', 'Shopping', 'Shopping mall', 'Cleanliness']",[]
4HU6Z7anycw,273838,https://i.ytimg.com/vi/4HU6Z7anycw/default.jpg,"LUCAS SPIDER IN ""POLAR BEAR","['Toy', 'Stuffed toy', 'Owl', 'Happiness', 'Animation', 'Plush']","['English Cocker Spaniel', 'Lhasa Apso', 'Sporting Lucas Terrier', 'Labradoodle', 'Pekapoo', 'American Cocker Spaniel', 'Companion dog', 'Spaniel', 'Lhasa', 'Terrier']"
iASe_veKR74,11786,https://i.ytimg.com/vi/iASe_veKR74/default.jpg,vevo,"['Red', 'Graphics']","['LED-backlit LCD', 'Light-emitting diode', 'Liquid-crystal display', 'Backlight', 'Meter', 'Display device']"
zO0dIgvpmfw,40937,https://i.ytimg.com/vi/zO0dIgvpmfw/default.jpg,GO,"['Musical instrument', 'Plucked string instrument', 'String instrument', 'Chordophone', 'Guitarist', 'Guitar', 'Acoustic guitar', 'Music', 'Musician', 'Finger']","['Shawn Mendes', 'Guitarist', 'Guitar', 'Electric Guitar', 'Chordify', 'Piano', 'Chord', 'Ukulele', 'Treat You Better']"
-BDImdAfodA,24490,https://i.ytimg.com/vi/-BDImdAfodA/default.jpg,vevo,"['Lips', 'Facial expression', 'Eyelash', 'Blond', 'Smile', 'Long hair', 'Makeover', 'Happiness', 'Lipstick', 'Portrait photography']","['Kylie Minogue', 'Blond', 'Hair', 'Human hair color', 'Color', 'Country Strong', 'Guide', 'Gold', 'other', 'just']"
wIimU5-UEPc,111118,https://i.ytimg.com/vi/wIimU5-UEPc/default.jpg,0,"['Audio equipment', 'Facial expression', 'Electronic device', 'Gadget', 'Happiness', 'Headphones', 'Entertainment', 'Singing', 'Headset', 'Recording']","['Selena Gomez', 'Deniz Baysal', 'Guitar', 'Chordify', 'Lyrics', 'Song', 'Lose You to Love Me', 'Singeo', 'Ukulele', 'Piano']"
vqX6fkty-WQ,18308,https://i.ytimg.com/vi/vqX6fkty-WQ/default.jpg,THIS MIGHT GET STARTED,"['Smile', 'Happiness', 'Facial expression', 'Laughter', 'Screenshot', 'Smiley']","['Ink Master', 'Television', 'Cable television', 'TV Channel', 'TV Guide', 'Broadcasting', 'TV listings', 'Streaming television', 'create']"
jxWJLs7_doc,85410,https://i.ytimg.com/vi/jxWJLs7_doc/default.jpg,MUSIC VIDEO,[],['Animation']
1vc1cKeor5A,2790,https://i.ytimg.com/vi/1vc1cKeor5A/default.jpg,REVIEW,"['Happiness', 'Facial expression', 'Smile', 'Animated cartoon', 'Nail', 'Animation', 'Laughter', 'Fictional character']","['Cartoon', 'Animation', 'funny', 'Animated film', 'animated cartoon', 'Humor', 'Cartoon Network India', 'Tom and Jerry', 'Frame Order', 'Computer animation']"
8LSpT5xF3UI,1049,https://i.ytimg.com/vi/8LSpT5xF3UI/default.jpg,WIN-,"['Column', 'Advertising', 'Banner', 'Classical architecture', 'Roman temple', 'Courthouse', 'Government', 'Official residence']","['Official residence', 'North Carolina Executive Mansion', 'Blair House', 'Government House', 'Official', 'Head of state', 'Governor', 'House', 'US President']"
nIne06IQd_U,4458,https://i.ytimg.com/vi/nIne06IQd_U/default.jpg,,[],"['Canoe', 'Extreme sport', 'Bodyboarding', 'Canoe slalom', 'Underwater sports', 'Canyoning', 'Luge', 'Snow', 'Dagens Nyheter']"
rBkLNBRDw5c,331,https://i.ytimg.com/vi/rBkLNBRDw5c/default.jpg,MS LEX AN ET,"['Facial expression', 'Smile', 'Tooth', 'Blond', 'Brown hair', 'Happiness', 'Makeover', 'Love', 'Film', 'Premiere']","['Blond', 'Human hair color', 'Hair', 'Color', 'colored', 'Guide', 'Gold', 'other', 'Word', 'Grammar']"
kJ18whKduFo,1703,https://i.ytimg.com/vi/kJ18whKduFo/default.jpg,CRASH COURT 1031004 36 AGE & AGING,"['Graphic design', 'Screenshot']",['Meter']
x1l-HRvwnB4,8913,https://i.ytimg.com/vi/x1l-HRvwnB4/default.jpg,,"['Pink', 'Blond', 'Film', 'Love', 'Cousin']","['Basenji', 'Chihuahua', 'Aspin', '5hy', 'Performance M']"
wjj2upnfBI0,65915,https://i.ytimg.com/vi/wjj2upnfBI0/default.jpg,,"['Entertainment', 'Performing Arts', 'Hip-hop dance', 'Dance', 'Modern dance', 'Choreography']","['lovely', 'Album', 'Lyrics', 'Ocean Eyes', 'Deezer', 'Song', 'bellyache', 'Happier Than Ever', 'Track listing', 'Spotify']"
hDYPVhwULCc,19347,https://i.ytimg.com/vi/hDYPVhwULCc/default.jpg,,"['Lips', 'Facial expression', 'Tooth', 'Eyelash', 'Happiness', 'Long hair', 'Selfie']","['Maren Morris', 'Dailymotion', 'Girl', 'Country music', 'Girl', 'Filmmaking', 'Movie theater', 'Curzon']"
wT_yPn3LfNA,68959,https://i.ytimg.com/vi/wT_yPn3LfNA/default.jpg,LADY LIKE,"['Happiness', 'Laughter', 'Love']","['Travis', 'Turn: Travis (Karaoke Version)', 'Turn', 'Music video', 'IMVDb', 'Florida Georgia Line', 'Song', 'Amazon Music', 'The Man Who', '1999']"
-o7zywbiFVI,497,https://i.ytimg.com/vi/-o7zywbiFVI/default.jpg,NEMSNBC,"['Chef', 'Cook', 'Food', 'Curtain', 'Speech']","['Martha Stewart', 'Cooking', 'Chef', 'Food Network', 'Chopped', 'Cooking show', 'Cook', 'Culinary arts', 'Notanothercookingshow']"
floMqK_yHf8,372309,https://i.ytimg.com/vi/floMqK_yHf8/default.jpg,,"['Red', 'Silhouette']","['BTS', 'The Stage', 'Avenged Sevenfold', 'live', 'Album', 'MAMA', 'Spotify', 'MIC Drop', 'Universal Music Group']"
bV_3HQplzRw,38790,https://i.ytimg.com/vi/bV_3HQplzRw/default.jpg,,"['Facial expression', 'Tooth', 'Cartoon', 'Animation', 'Animated cartoon', 'Fictional character', 'Graphics', 'Clip art']","['Cartoon', 'Animation', 'animated cartoon', 'Meter']"
FvBcYkY7ZGo,12257,https://i.ytimg.com/vi/FvBcYkY7ZGo/default.jpg,JMMY LIVE!,"['Entertainment', 'Electronic device', 'Audio equipment', 'Beard', 'Facial hair', 'Performing Arts', 'Performance', 'Song', 'Singing', 'Moustache']","['Greg McLean', 'The Darkness', 'Amazon Music', 'Friday Night', 'create', 'Permission to Land', 'Podcast', 'Bill Simmons', 'Charles Barkley', 'Lucy Fry']"
oX8-6whswEA,6355,https://i.ytimg.com/vi/oX8-6whswEA/default.jpg,STAR THE LAST JEDI HARS,"['Toy', 'LEGO']","['Animation', 'Traditional animation', 'Animated film', 'Animator', 'Illustration', 'Cel', 'Live action', 'Image', 'Pixar']"
hivGryRKGvk,11573,https://i.ytimg.com/vi/hivGryRKGvk/default.jpg,HOONIGAN,"['Motor vehicle', 'Automotive Tire', 'Car', 'Automotive Wheel System', 'Hood', 'Tread', 'Fender', 'Machine', 'Kit car', 'Hubcap']","['Concept car', 'Car', 'BMW 328', 'Vintage car', 'Coupe', 'Classic car', 'Convertible', 'Supercar', 'Custom car', 'Electric car']"
u9Mv98Gr5pY,1243476,https://i.ytimg.com/vi/u9Mv98Gr5pY/default.jpg,VENOM OFFICIAL TRAILER,"['Fictional character', 'Film', 'Action', 'Venom', 'Hero', 'Advertising']","['Text', 'Photo caption', 'Trailer', 'Meter', 'High-definition video', 'Subtitle']"
TN7LvuEpDIE,32229,https://i.ytimg.com/vi/TN7LvuEpDIE/default.jpg,SA,"['Fictional character', 'Supernatural creature', 'Mask', 'Demon', 'Ghost', 'Animation', 'Zombie']","['Cartoon', 'Tom and Jerry', 'Animation', 'Cartoon Network', 'Cartoon Network India', 'animated cartoon', 'YouTube', 'Humor', 'Episode']"
xqj7XOv9mC8,1783,https://i.ytimg.com/vi/xqj7XOv9mC8/default.jpg,PAPILLON,"['Film', 'Photo caption']","['Henri Charrière', 'Rami Malek', 'Papillon', 'Papillon', 'Louis Dega', 'Louis Dega', 'Actor', 'Film criticism', 'Bleecker Street', 'Michael Noer']"
WemDKlmMAIs,3389,https://i.ytimg.com/vi/WemDKlmMAIs/default.jpg,CFilms,['Conversation'],"['Paul Dano', 'Wildlife', 'Jake Gyllenhaal', 'There Will Be Blood', 'Independent Film Company', 'Film director', 'Wildlife', 'Actor', 'future', 'loved']"
nzNGEB1BQuM,56077,https://i.ytimg.com/vi/nzNGEB1BQuM/default.jpg,WOW PR UNBOXING,"['Tooth', 'Facial hair', 'Advertising', 'Moustache', 'Beard', 'Happiness', 'Collage', 'News', 'Photo caption']",['Meter']
CPjWgk0UXps,33661,https://i.ytimg.com/vi/CPjWgk0UXps/default.jpg,,[],[]
yFRPhi0jhGc,37199,https://i.ytimg.com/vi/yFRPhi0jhGc/default.jpg,RODNEY MULLEN and PHYSICS GIRL,['Advertising'],"['Street dance', 'Hip-hop dance', 'Modern dance', 'Salsa spins', 'Ballet', 'Skateboarding', 'Breaking', 'Salsa', 'Design', 'Graphic design']"
lcvOVZ_ILrs,1956,https://i.ytimg.com/vi/lcvOVZ_ILrs/default.jpg,,"['Event', 'Night', 'Traffic congestion', 'Traffic', 'Highway', 'Video Game Software', 'Controlled-access highway', 'Intersection', 'Road junction', 'Road trip']","['Screenshot', 'Train', 'Snipping Tool', 'screenshot', 'United States', 'Computer', 'Computer Monitor', 'Highway', 'Windows 10', 'Controlled-access highway']"
qEklBC2BQig,2855,https://i.ytimg.com/vi/qEklBC2BQig/default.jpg,BUIL BUILD,"['Audio equipment', 'Facial expression', 'Electronic device', 'Entertainment', 'Microphone', 'Singing', 'Speech', 'Song', 'Gesture', 'Television show']",['Meter']
w7WsuNNLcNw,4594,https://i.ytimg.com/vi/w7WsuNNLcNw/default.jpg,,"['Horse', 'Working animal', 'Horse Supplies', 'Sorrel', 'Ranch', 'Mustang', 'Livestock', 'Pack animal', 'Stallion', 'Horse trainer']","['Mustang', 'Stallion', 'Stallion', 'Mare', 'Gelding', 'Working animal', 'Waking the Demons', 'Slaves of Time', 'Rise and Ride', ""Ranch'm""]"
DRfniGCgW0I,11194,https://i.ytimg.com/vi/DRfniGCgW0I/default.jpg,,"['Cat', 'Felidae', 'White', 'Felinae', 'Carnivores', 'Snout', 'Whiskers', 'Fur', 'Night']","['The Darkness', 'Friday Night', 'Amazon Music', 'Permission to Land', 'funny', 'Disturbed', 'Moving', 'YouTube', 'Greg McLean', 'Radha Mitchell']"
A2dIL4sf4TQ,49575,https://i.ytimg.com/vi/A2dIL4sf4TQ/default.jpg,,"['Eye shadow', 'Cosmetics', 'Personal care', 'Pink', 'Powder']","['Maren Morris', 'Dailymotion', 'Girl', 'Girl', 'Girl', 'Country music', 'Song', 'Amazon Prime Video']"
jsnyz__pc5M,22386,https://i.ytimg.com/vi/jsnyz__pc5M/default.jpg,,"['Performing Arts', 'Foot', 'Acting']",[]
mXJ7wX6CVDk,6071,https://i.ytimg.com/vi/mXJ7wX6CVDk/default.jpg,RuPaul ALLSTARS Behind The Scenes Second Elimination,"['Logo', 'Advertising', 'Poster', 'Graphics', 'Graphic design']","['Graphic design', 'Design', 'Text', 'Graphics', 'Meter']"
r-3iathMo7o,132625,https://i.ytimg.com/vi/r-3iathMo7o/default.jpg,,"['Electronic device', 'Display device', 'Technology', 'Gadget', 'Multimedia', 'Electronics', 'Visual Effect Lighting']","['Gaming Computer', 'Video Game Console', 'Computer case', 'Desktop Computer', 'Personal computer', 'All-in-one', 'Gaming Chair', 'Workstation', 'Origin PC', 'Setupedia']"
blgS56pESPk,65671,https://i.ytimg.com/vi/blgS56pESPk/default.jpg,RAIN,"['Facial hair', 'Beard', 'Facial expression', 'Tooth', 'Moustache', 'Happiness', 'Screaming', 'Professional Wrestler', 'Pleased', 'Laughter']","['Matt Hardy', 'WWE', 'Girl', 'Dailymotion', 'YouTube', 'Girl', 'Country music']"
pFc6I0rgmgY,35833,https://i.ytimg.com/vi/pFc6I0rgmgY/default.jpg,,"['Facial hair', 'Moustache', 'Beard', 'Turban', 'Afro', 'Film', 'Guru']","['Ron Stallworth', 'John David Washington', 'BlacKkKlansman', 'BlacKkKlansman: Review', 'Ron Stallworth', 'Ku Klux Klan', 'Colorado Springs Police Department', 'Adam Driver', 'Spike Lee', 'Raymond Mansfield']"
Hh-YcWJTt7Y,17921,https://i.ytimg.com/vi/Hh-YcWJTt7Y/default.jpg,?,"['Facial hair', 'Beard', 'Moustache', 'Graphic design']","['Vince Staples', 'fun.', 'The Beach Boys', 'FUN!', 'Fun, Fun, Fun (Remastered 2001)', 'Why Am I the One', 'Music video', 'Some Nights', 'Universal Music Group']"
HCO7BWbKipU,33924,https://i.ytimg.com/vi/HCO7BWbKipU/default.jpg,,"['Hat', 'Headgear', 'Chordophone', 'Reptile', 'Scaled reptiles', 'Sun hat', 'Cap', 'Musical instrument', 'Lizard', 'Fedora']","['light-hearted', 'Jumping', 'Bungee jumping', 'Visual Arts', 'Art', 'Barechestedness']"
2VggEmXPnGw,31111,https://i.ytimg.com/vi/2VggEmXPnGw/default.jpg,GREAT BIG STORY,"['Fictional character', 'Action', 'Poster', 'Film', 'Hero', 'Mask', 'Fiction', 'Video Game Software']","['Doug Jones', 'Photograph', 'Photography', 'Image', 'Photojournalism', 'Text', 'Photo caption', 'Subtitle', 'Fine art', 'Composition']"
IIyZuKN2j7U,8740,https://i.ytimg.com/vi/IIyZuKN2j7U/default.jpg,billboard,"['Lips', 'Black hair', 'Eyelash', 'Audio equipment', 'Electronic device', 'Bangs', 'Hime cut', 'Bowl cut', 'Bob cut', 'Makeover']","['Maren Morris', 'Country music', 'Dailymotion', 'YouTube', 'Girl', 'Girl', 'Beck']"
vRf3azp1pak,134645,https://i.ytimg.com/vi/vRf3azp1pak/default.jpg,yevo,"['Entertainment', 'Video Game Software', 'Performing Arts', 'Graphic design', 'PC game', 'Musical instrument', 'Animation', 'Graphics']","['Screenshot', 'Snipping Tool', 'Windows 10', 'Computer', 'Computer Monitor', 'Microsoft Windows', 'Operating System', 'screenshot', 'OneDrive']"
CG9yQ8PXf6o,30673,https://i.ytimg.com/vi/CG9yQ8PXf6o/default.jpg,CR,"['Lips', 'Eyelash', 'Facial expression', 'Blond', 'Mascara', 'Advertising', 'Long hair', 'Model', 'Makeover', 'Cosmetics']","['Poster', 'Poster Aespa Dirty Work', 'Image', 'Design', 'Art', 'Illustration', 'Erikstore', 'Customizable Poster', 'Photograph', 'Magdiel López']"
tUg-WLRdRv0,9626,https://i.ytimg.com/vi/tUg-WLRdRv0/default.jpg,JINX CHALLENGE. with Chris Hemsworth,"['Television presenter', 'News', 'Suit', 'White-collar worker', 'Television show', 'Display device', 'Television studio', 'Debate', 'Interview', 'Businessperson']","['Future', 'Future: Government Official', 'OneRepublic', 'Amazon Music', 'Music video', 'Future: Please Tell Me', 'Record label', 'Song', 'Music download', 'official']"
sJzWZ1yXpek,5117,https://i.ytimg.com/vi/sJzWZ1yXpek/default.jpg,,"['Orange', 'Plastic', 'Pipe']","['Tree', 'Garden', 'From the Woods Today', 'TreePeople', 'create', 'Plant life-form', 'mature', 'Fence', 'Plant', 'YouTube']"
BJ2yzCRPonA,1050,https://i.ytimg.com/vi/BJ2yzCRPonA/default.jpg,BACHEL RETTE,"['Body of water', 'Beach', 'Sea', 'Ocean', 'Coast', 'Coastal and oceanic landforms', 'Shore', 'Leisure', 'Wind wave', 'Vacation']","['Leisure', 'Meter']"
2afSbqlp5HU,2482,https://i.ytimg.com/vi/2afSbqlp5HU/default.jpg,NEWS,"['Hero', 'Fictional character', 'Film', 'Action', 'Superhero', 'PC game', 'Animation', 'Digital compositing']","['Screenshot', 'Snipping Tool', 'Kevin STRATVERT', 'Windows 10', 'Computer', 'Microsoft Windows', 'Computer Monitor', 'Operating System', 'screenshot']"
2aQykuIaJVI,104575,https://i.ytimg.com/vi/2aQykuIaJVI/default.jpg,W,"['Audio equipment', 'Facial hair', 'Beard', 'Electronic device', 'Facial expression', 'Headphones', 'Entertainment', 'Gadget', 'Moustache', 'Recording']","['Greg McLean', 'The Darkness', 'The Darkness', 'Song', 'The Drowns', 'Darkness', 'Found/Tonight', 'Album', 'Darkness', 'Rock and Roll Deserves to Die']"
dVNZYskqdEc,3474,https://i.ytimg.com/vi/dVNZYskqdEc/default.jpg,VOGUE,"['Eyewear', 'Sunglasses', 'Glasses', 'Vision Care', 'Hairstyle', 'Goggles', 'Fashion', 'Personal protective equipment', 'Jewellery', 'Blond']","['Maren Morris', 'Girl', 'Dailymotion', 'Fashion', 'Vogue', 'Country music', 'Spotify', 'Streaming media', 'Trailer']"
3kerBt7kuBU,7836,https://i.ytimg.com/vi/3kerBt7kuBU/default.jpg,BEAUTY COMMUNITY? ISITEVER ENOUGH? GOALS? INFERTILITY WOW,"['Facial expression', 'Eyelash', 'Happiness', 'Cosmetics', 'Advertising', 'Makeover', 'Selfie', 'Lipstick', 'Hair coloring', 'Eye shadow']",['Meter']
RBbkCEHBw_I,15535,https://i.ytimg.com/vi/RBbkCEHBw_I/default.jpg,WELD SHORE,"['Animated cartoon', 'Animation', 'Junk food', 'Soft drink']","['Cartoon', 'Cartoon Network', 'Episode', 'Animation', 'Cartoon Network India', 'Cartoon Cartoons', 'Humor', 'Tom and Jerry', 'YouTube']"
NJAtY43vsl8,37345,https://i.ytimg.com/vi/NJAtY43vsl8/default.jpg,LIVE,"['Lips', 'Facial expression', 'Tooth', 'Eyelash', 'Blond', 'Long hair', 'Happiness', 'News', 'Makeover', 'Lipstick']","['Maren Morris', 'Jimmy Kimmel Live!', 'Dailymotion', 'impressive', 'Girl', 'Girl', 'funny']"
ZIbI0ekrrZU,1908,https://i.ytimg.com/vi/ZIbI0ekrrZU/default.jpg,D assFit,"['Weights', 'Barbell', 'Exercise equipment', 'Free Weight Bar', 'Strength training', 'Weight training', 'Exercise', 'Physical fitness', 'Olympic weightlifting', 'Bodybuilding']","['Gym', 'Strength training', 'Gym Hub', 'Circuit training', 'Origin Gym', 'True Warrior Tattoo', 'BodyPump', 'Aerobic exercise', 'Physical fitness', 'Fitness center']"
6GT7PrIIS5I,6295,https://i.ytimg.com/vi/6GT7PrIIS5I/default.jpg,,"['Machine tool', 'Drill', 'Machine', 'Drilling', 'Metalworking', 'Tool', 'Milling', 'Power tool', 'Leutor', 'Cylinder']","['Emperor penguin', 'Earless seals', 'King penguin', 'Penguins', 'Ribbon seal', 'King PENGUIN M']"
vOKOamXsXYE,19884,https://i.ytimg.com/vi/vOKOamXsXYE/default.jpg,vevo,[],[]
s9C8lsOE4ik,694,https://i.ytimg.com/vi/s9C8lsOE4ik/default.jpg,,"['Community', 'Team', 'Crew', 'Organization', 'Meeting']","['North Korea', 'Kim Yo Jong', 'South Korea', 'Conversation', 'Mike Pence', 'United States', 'Small talk', 'interesting', 'Vice President', 'US Vice President']"
e77J4g0LMOk,133373,https://i.ytimg.com/vi/e77J4g0LMOk/default.jpg,,"['Entertainment', 'Performing Arts', 'Event', 'Performance', 'Musical ensemble', 'Music venue', 'Public event', 'Song', 'Party', 'Stage']","['The Stage', 'Avenged Sevenfold', 'Stage', 'Live', 'Throwing Copper', 'Theatre', 'Album', 'YouTube']"
zZ9FciUx6gs,12958,https://i.ytimg.com/vi/zZ9FciUx6gs/default.jpg,NICKELBACK,['Night'],['Meter']
YkLzdHTv3G0,36411,https://i.ytimg.com/vi/YkLzdHTv3G0/default.jpg,ro channelate,"['Facial expression', 'Happiness', 'Animation', 'Photo caption']","['Cartoon', 'Cartoon Network', 'Episode', 'Animation', 'Cartoon Network India', 'Cartoon Cartoons', 'Humor', 'Tom and Jerry', ""Weekend at Benson's"", 'create']"
99t4EBwIAt8,65382,https://i.ytimg.com/vi/99t4EBwIAt8/default.jpg,RED,"['Forehead', 'Facial expression', 'White-collar worker', 'Happiness', 'Businessperson', 'Advertising']","['Businessperson', 'Profit', 'Business', 'Stock', 'just', 'Real Estate', 'Organizational founder', 'Entrepreneur', 'top', 'Estate agent']"
wqEknnPadMA,5179,https://i.ytimg.com/vi/wqEknnPadMA/default.jpg,Disneyland Impressions,"['Facial expression', 'Smile', 'Happiness', 'Animated cartoon', 'Animation']","['Regular Show', 'Cartoon', 'Cartoon Network', 'Animation', 'Cartoon Cartoons', 'Tom and Jerry', 'Cartoon Network India', 'Humor', 'Episode', ""Weekend at Benson's""]"
YML2DM0K8DQ,9250,https://i.ytimg.com/vi/YML2DM0K8DQ/default.jpg,COMME vevo,"['Font', 'Graphics', 'Graphic design']","['Logo', 'Meter']"
sQi0Yu1ApyE,7215,https://i.ytimg.com/vi/sQi0Yu1ApyE/default.jpg,KARDASHIONS,"['Long hair', 'Foot', 'Makeover', 'Bed']","['Maren Morris', 'Kim Kardashian', 'Girl', 'Country music', 'Girl', 'Dailymotion', 'Girl', 'Album']"
d2TrEsA3nzg,20607,https://i.ytimg.com/vi/d2TrEsA3nzg/default.jpg,vevo USTO,"['Font', 'Black and white', 'Graphic design', 'Night']","['The Darkness', 'Help Us To Love', 'The Hamiltones', 'Song', 'Friday Night', 'Amazon Music', 'Disturbed', 'Fuckin’ wit Me', 'Album', 'Record Producer']"
-39ysKKpE7I,4028,https://i.ytimg.com/vi/-39ysKKpE7I/default.jpg,FIRST TAKE श्र,"['News', 'White-collar worker', 'Television presenter', 'Suit', 'Necktie', 'Television show', 'Advertising', 'Businessperson', 'Photo caption', 'Broadcasting']","['Photograph', 'Image', 'Photography', 'Photojournalism', 'Text', 'Photo caption', 'Subtitle', 'Camera', 'Design', 'Composition']"
ZYXIAzqOgoY,16320,https://i.ytimg.com/vi/ZYXIAzqOgoY/default.jpg,HYDRATING MATTE,"['Nail', 'Cosmetics', 'Personal care']","['Maren Morris', 'Dailymotion', 'Girl', 'Girl', 'Girl', 'Country music', 'Filmmaking', 'Song']"
JrFiNSueT3Y,2607,https://i.ytimg.com/vi/JrFiNSueT3Y/default.jpg,,"['Event', 'Facial expression', 'Audio equipment', 'Electronic device', 'Entertainment', 'Microphone', 'Gesture', 'Speech', 'Singing', 'Television presenter']",[]
iJPjFddLOxo,6832,https://i.ytimg.com/vi/iJPjFddLOxo/default.jpg,,"['Thumb', 'Silver', 'Natural material', 'Nail', 'Nickel', 'Currency', 'Money', 'Mineral']","['Ring', 'Smart ring', 'Darry Ring', 'Jewellery', 'Samsung Galaxy Ring', 'Samsung Galaxy Ring', 'Ridge', 'Samsung', 'Wallet']"
xrMfUeOPWto,34497,https://i.ytimg.com/vi/xrMfUeOPWto/default.jpg,EVERY [BLANKI EVER MUSEUM,"['Display device', 'Multimedia', 'Television show']","['Curious George', 'Leo & Tig', 'Animation', 'Cartoon', 'Animated film', 'funny', 'animated cartoon', 'Cartoon Network India', 'Television', 'Humor']"
gau41b7_Hqs,2332,https://i.ytimg.com/vi/gau41b7_Hqs/default.jpg,Case News Tonight HBO,"['Head', 'Face', 'News', 'Outerwear', 'Suit', 'Television presenter', 'Coat', 'White-collar worker', 'Display device', 'Formal wear']",[]
Ecd4eA067P0,18112,https://i.ytimg.com/vi/Ecd4eA067P0/default.jpg,STAR WARS,"['Game', 'Action', 'Video Game Software', 'Fictional character', 'PC game', 'Fiction', 'Poster', 'Film', 'Animation']","['Luke Skywalker', 'Star Wars', 'The Force', 'First Order', 'All Terrain Armored Transport', 'Epic', 'Trailer', 'Star Wars: The Last Jedi', 'Star Wars: The Force Awakens', 'Star Wars: Episode IV - A New Hope']"
65MWN5yKU0A,2972,https://i.ytimg.com/vi/65MWN5yKU0A/default.jpg,,"['Ingredient', 'Food', 'Cheese', 'Dessert', 'Cocoa solids', 'Nut', 'Powder', 'Cork', 'Finger food', 'Toffee']","['Blue cheese', 'Soda bread', 'Nachos', 'Parmesan', 'Brie', 'Cheese', 'Bread', 'Goat cheese', 'Cake', 'Pastry']"
JDmse8M-3-Y,144712,https://i.ytimg.com/vi/JDmse8M-3-Y/default.jpg,nothing.,"['Happiness', 'Facial expression', 'Smile', 'Photo caption', 'Laughter', 'Child', 'Love', 'Cousin']",['Television']
bS9zXmexXUQ,8806,https://i.ytimg.com/vi/bS9zXmexXUQ/default.jpg,C,"['People', 'Head', 'Suit', 'White-collar worker', 'Necktie', 'News', 'Meeting', 'Official', 'Speech', 'Spokesperson']","['Businessperson', 'Business', 'Profit', 'Entrepreneur', 'Stock', 'Company', 'just', 'create', 'Corporation', 'Business opportunity']"
c1npkEoEtos,40529,https://i.ytimg.com/vi/c1npkEoEtos/default.jpg,,"['Gesture', 'Happiness']","['Public speaking', 'Communication', 'Silence', 'Speech', 'just', 'past', 'create', 'side', 'public data', 'Skill']"
TmzVBGf6uKk,39393,https://i.ytimg.com/vi/TmzVBGf6uKk/default.jpg,LOST IN JAPAN,"['Hat', 'Cap', 'Baseball cap', 'Photo caption']","['Photograph', 'Photography', 'Image', 'Photojournalism', 'Text', 'Photo caption', 'Subtitle', 'Camera', 'Design', 'Fine art']"
_CFJ1u-DIBc,3102,https://i.ytimg.com/vi/_CFJ1u-DIBc/default.jpg,WHY BLUETOOTH SUCKS INSIDER,"['Mobile phone', 'Font', 'Electronic device', 'Telephony', 'Technology', 'Screenshot', 'Display device', 'Gadget', 'Mobile device', 'Communication Device']","['Display device', 'Liquid-crystal display', 'Computer Monitor', 'Backlight', 'Touchscreen', 'Output device', 'Presentation', 'Electronic visual display', 'Slide show', 'Screenshot']"
6dlhWPDoifU,177,https://i.ytimg.com/vi/6dlhWPDoifU/default.jpg,,"['News', 'Security', 'Traffic collision', 'Law enforcement']",[]
ctBVhyZxXYY,7631,https://i.ytimg.com/vi/ctBVhyZxXYY/default.jpg,"MY NEXT GUEST ""DAVID LETTERMAN,","['Facial hair', 'Beard', 'Formal wear', 'White-collar worker', 'Suit', 'Moustache', 'Blazer', 'Necktie', 'Official', 'Businessperson']","['My Next Guest Needs No Introduction with David Letterman', 'Netflix', 'Television', 'Text', 'Photo caption', 'High-definition television', 'Meter', 'Subtitle']"
5fZiMNo5-uo,51501,https://i.ytimg.com/vi/5fZiMNo5-uo/default.jpg,IRELIA THE BLADE DANCER,"['Fictional character', 'Animation', 'CG artwork', 'Animated cartoon', 'Anime', 'Hero', 'Game', 'Video Game Software', 'Graphics', 'Graphic design']","['ISTX EU.ESG CL.A.SE.50 EO', 'Wonder Woman', 'Erik Lehnsherr', 'Cartoon', 'Fantastic Four', 'Meter']"
wjj2upnfBI0,82447,https://i.ytimg.com/vi/wjj2upnfBI0/default.jpg,,"['Entertainment', 'Performing Arts', 'Hip-hop dance', 'Dance', 'Modern dance', 'Choreography']","['lovely', 'Interscope Records', 'Song', 'Bellyache', 'Lyrics', 'Singer-songwriter', 'Sad Summer Songs 2022', 'Songwriter', 'succeeding', 'Lovely']"
5mar5AHglGI,26489,https://i.ytimg.com/vi/5mar5AHglGI/default.jpg,G-EAZY,"['Night', 'Graphics', 'Video Game Software', 'Graphic design', 'Screenshot']","['Screenshot', 'Snipping Tool', 'Windows 10', 'Computer', 'Microsoft Windows', 'Computer Monitor', 'screenshot', 'Operating System', 'Personal computer']"
SJNdBNxNGno,6518,https://i.ytimg.com/vi/SJNdBNxNGno/default.jpg,ALL MY AQUARIUMS,"['Fish', 'Marine biology', 'Fin', 'Science', 'Aquarium', 'Publication']","['Visual Arts', 'Art', 'Piano']"
p8npDG2ulKQ,2407413,https://i.ytimg.com/vi/p8npDG2ulKQ/default.jpg,13,['Facial expression'],"['BTS', 'Greg McLean', 'The Darkness', 'Amazon Music', 'future', 'Darkness', 'impressive', 'Friday Night', 'Disturbed', 'create']"
dBPRS4mVT3g,100,https://i.ytimg.com/vi/dBPRS4mVT3g/default.jpg,EI EXCLUSIVE,"['Hat', 'Sun hat', 'Leisure', 'Cap', 'Fedora', 'News', 'Television show']","['Animation', 'Cartoon', 'animated cartoon', 'Cartoon Network India', 'Humor', 'Tom and Jerry', 'YouTube', 'Frame Order', 'YouTube']"
YSVLsQ6VBdM,1025,https://i.ytimg.com/vi/YSVLsQ6VBdM/default.jpg,WILL,"['Formal wear', 'Entertainment', 'Facial hair', 'Happiness', 'Performance', 'Performing Arts', 'Song', 'Singing', 'Moustache', 'Sunglasses']","['Vernon Winfrey', 'Oprah Winfrey', '75th Golden Globe Awards', 'The Oprah Winfrey Show', 'Gayle King', 'Vernita Lee', 'Golden Globes', 'Golden Globe Cecil B. DeMille Award', 'Chat show', 'Host']"
gTF8KYoJkMM,11359,https://i.ytimg.com/vi/gTF8KYoJkMM/default.jpg,THINGS YOU MIGHT NOT KNOW,"['High-rise building', 'Advertising', 'Skyscraper', 'Tower', 'Poster', 'Skyline', 'Cityscape', 'Photo caption']","['Screenshot', 'Snipping Tool', 'Windows 10', 'Computer', 'Computer Monitor', 'Windows key', 'Operating System', 'Microsoft Windows', 'screenshot']"
ii-Qj5-jsdg,15454,https://i.ytimg.com/vi/ii-Qj5-jsdg/default.jpg,TRUE DAY I MOTIVE,"['Physical fitness', 'Yoga', 'Yoga pants', 'Exercise', 'Knee', 'Elbow', 'Active Pants', 'Waist', 'Leggings', 'Circuit training']","['Pilates', 'Aerobic exercise', 'Pilates Workout', 'Aerobics', 'Mat Pilates', 'Physical fitness', 'Exercise', 'Yoga', 'Stretching', 'Core']"
H0g4JxKp4fc,224096,https://i.ytimg.com/vi/H0g4JxKp4fc/default.jpg,,"['Electronic device', 'Display device', 'Peripheral', 'Technology', 'Computer', 'Flat-panel display', 'Computer hardware', 'Computer monitor', 'Desktop computer', 'Gadget']","['Cough', 'delete', 'just', 'TV', 'Facepalm', 'whole', 'YouTube', 'Throat', 'Television']"
z3EN0dyR7W0,3726,https://i.ytimg.com/vi/z3EN0dyR7W0/default.jpg,nj,"['Sports venue', 'Stadium', 'Arena', 'Sports', 'Fan', 'Artificial turf', 'Goal', 'Display device', 'Advertising', 'Audience']","['Tonight’s the Night, Part II', 'By The Calm Water', '92914', 'Bob Seger & The Silver Bullet Band', 'Universal Music Group', 'Night Moves', 'Night Moves', 'official', ""Can't Feel My Face""]"
wa5eXqjEewE,3527,https://i.ytimg.com/vi/wa5eXqjEewE/default.jpg,Global NEWS,"['Facial hair', 'Beard', 'Moustache', 'News']","['Photograph', 'Image', 'Text', 'Photojournalism', 'Composition', 'Photo caption', 'Design', 'Camera', 'create', 'Guide']"
Djw1PmpZt9w,11582,https://i.ytimg.com/vi/Djw1PmpZt9w/default.jpg,,"['Furniture', 'Sitting', 'Television show', 'Conversation', 'Houseplant', 'Living room', 'Couch', 'Daybed', 'Interview', 'Palm trees']","['Table', 'Coffee', 'Coffee Table', 'Coffee Table Accent Cocktail Rectangular Living Room 48""L', 'Coffee Table Accent Cocktail Rectangular Living Room 48""L', 'Julie Khuu', 'Living Room Furniture', 'Furniture', 'SEDETA Coffee Table 31.5 Inch Lift Top Square Coffee Table with Storage for Living Room', 'Living room']"
hRnVb4z6Hw0,8413,https://i.ytimg.com/vi/hRnVb4z6Hw0/default.jpg,FIRST TAKE,"['News', 'Television presenter', 'Facial expression', 'Suit', 'White-collar worker', 'Necktie', 'Formal wear', 'Television show', 'Speech', 'Spokesperson']","['Photograph', 'Photography', 'Image', 'Photojournalism', 'Text', 'Photo caption', 'Subtitle', 'Design', 'Fine art', 'Camera']"
D7plDibrP1U,6836,https://i.ytimg.com/vi/D7plDibrP1U/default.jpg,,"['People', 'Event', 'Crowd', 'Motorcycle', 'Rebellion']","['Tree', 'Garden', 'Forest stand', 'From the Woods Today', 'Plant', 'TreePeople', 'create', 'mature', 'Plant life-form', 'wide']"
eiudTjsGM7g,37305,https://i.ytimg.com/vi/eiudTjsGM7g/default.jpg,SPILL YOUR GUTS,"['Happiness', 'Smile', 'Facial expression', 'Tooth', 'Screaming', 'Laughter', 'Tongue', 'Advertising', 'Pleased', 'Comedy']","['Photograph', 'Photography', 'Photojournalism', 'Image', 'Text', 'Composition', 'Photo caption', 'Design', 'Subtitle', 'Entertaining']"
bcHh116rcV0,1192,https://i.ytimg.com/vi/bcHh116rcV0/default.jpg,,"['Happiness', 'Smile', 'Facial hair', 'Facial expression', 'Beard', 'Tooth', 'Blond', 'Fun', 'Moustache', 'Laughter']",[]
_zu53yAoTJE,5430,https://i.ytimg.com/vi/_zu53yAoTJE/default.jpg,vevo,[],"['U2', 'Human Torch', 'Get Out of Your Own Way', 'Screenshot', 'Cartoon', 'Get Out of Your Own Way', 'U2: Get Out of Your Own Way']"
4Qs8herYTqY,36083,https://i.ytimg.com/vi/4Qs8herYTqY/default.jpg,,"['Eyewear', 'Glasses', 'Vision Care', 'Conversation', 'Happiness']",[]
clvljBUYduE,590,https://i.ytimg.com/vi/clvljBUYduE/default.jpg,LUIS CAMILA CABELLO INTERVIEW HIGHLIGHT Mercedes Benz,"['Facial expression', 'Happiness', 'Tooth', 'Smile', 'News', 'Advertising', 'Screenshot', 'Feathered hair', 'Photo caption']",['Meter']
yirvgC-kMq0,24,https://i.ytimg.com/vi/yirvgC-kMq0/default.jpg,PeopleTV,"['Happiness', 'Facial expression', 'Smile', 'Tooth', 'Love', 'Friendship', 'Facial hair', 'Gesture', 'Moustache', 'Beard']","['Dan Gillmor', 'New media', 'Mass media', 'Media literacy', 'Media studies', 'Crash Course: Media Literacy', 'Old media', 'Digital media', 'Communication', 'Concentration of media ownership']"
CX11yw6YL1w,534341,https://i.ytimg.com/vi/CX11yw6YL1w/default.jpg,vevo,"['Jewellery', 'Body Jewelry', 'Necklace', 'Earring', 'Song']","['Celine Dion', 'Blond', 'Hair', 'Human hair color', 'Color', 'Deadpool 2', 'Guide', 'other', 'Yellow', 'just']"
a3Z3HAdHFdo,0,https://i.ytimg.com/vi/a3Z3HAdHFdo/default.jpg,咖 ADVENTURE UNFOLDS,"['Font', 'Technology', 'Logo', 'Graphics', 'Graphic design', 'Science']","['Operating System', 'Screenshot', 'Meter']"
oR9gIJjMyis,54949,https://i.ytimg.com/vi/oR9gIJjMyis/default.jpg,,"['Lips', 'Facial expression', 'Eyelash', 'Black hair', 'Tooth', 'Makeover', 'Eyelash extensions', 'Cosmetics', 'Eye shadow', 'Eye liner']","['Maren Morris', 'Girl', 'Girl', 'Country music', 'Dailymotion', 'Girl', 'Song', 'create']"
rwFfo61fVSY,7449,https://i.ytimg.com/vi/rwFfo61fVSY/default.jpg,,"['Flame', 'Fire', 'Heat']","['Cheap Trick', 'Dailymotion', 'The Epic Archive, Vol. 3 (1984–1992)', 'The Flame', ""We Gon' Reign"", 'Album', 'YouTube', 'Pixabay']"
ug7voYQnUaE,1308,https://i.ytimg.com/vi/ug7voYQnUaE/default.jpg,COBBLE ME,"['Hat', 'Entertainment', 'Fedora', 'Sun hat']","['American Staffordshire Terrier', 'Mexican hairless dog', 'Standard Poodle', 'Poodle', 'Anatolian Shepherd Dog', 'Pug', 'Aspin', 'Weimaraner', 'Walrus', 'Elephant seals']"
upzmEBwEtpo,2141,https://i.ytimg.com/vi/upzmEBwEtpo/default.jpg,LIST SHOW 21 THINGS THAT TURNED 21 IN 2017,"['Blue', 'Design', 'Graphics', 'Graphic design']","['Animation', 'Meter']"
Kz7R1i2zFpk,8857,https://i.ytimg.com/vi/Kz7R1i2zFpk/default.jpg,JMMY LIVE!,"['Eyewear', 'Glasses', 'Vision Care', 'Electronic device', 'Television show', 'Speech', 'News']","['Mubi', 'Music video', 'Gary Turk', 'Actor', 'Graphics Card', 'YouTube', 'create', 'Video essay', 'opening']"
zLuhCfBqf5U,33723,https://i.ytimg.com/vi/zLuhCfBqf5U/default.jpg,,"['Food', 'Ingredient', 'Dessert', 'Finger food', 'Recipe', 'Cooking', 'Baking', 'Comfort food', 'Cake', 'Chocolate']","['Stargazy pie', 'Stuffing', 'Puff pastry', 'British Cuisine', 'Banoffee pie', 'Crostata', 'Quiche', 'American cuisine', 'Pie', 'Fish pie']"
FO6My1joJVc,64607,https://i.ytimg.com/vi/FO6My1joJVc/default.jpg,,"['Machine', 'Fictional character', 'Robot', 'Mecha', 'Transformers']","['Transformers', 'Transformers', 'Transformers: Age of Extinction', 'Transformers: Revenge of the Fallen']"
8HTdbCohTXY,256,https://i.ytimg.com/vi/8HTdbCohTXY/default.jpg,BREAKING NEWS,"['News', 'Advertising']","['BBC Swahili', 'Ukraine', 'BBC News', 'Image', 'President of Zimbabwe', 'create', 'BBC Scotland']"
tN8o_E_f9FQ,27322,https://i.ytimg.com/vi/tN8o_E_f9FQ/default.jpg,THE DARKEST MINDS OFFICIAL TRAILER,"['Afro', 'Happiness', 'Jheri curl']",['Meter']
V3EYjVPRClU,62969,https://i.ytimg.com/vi/V3EYjVPRClU/default.jpg,vevo,['Happiness'],"['Sia', 'Music video', ""Santa's Coming for Us"", 'Sia & Kylie Minogue', 'Battle Cry', 'Amazon Music', 'Entertaining', 'Disturbed', 'Angel Haze', 'Marc Klasfeld']"
MSzytvDsPfo,16177,https://i.ytimg.com/vi/MSzytvDsPfo/default.jpg,SNL,"['Happiness', 'Facial expression', 'Smile', 'Holiday', 'Film', 'Christmas Day', 'Laughter', 'Christmas Eve', 'Winter']","['Photograph', 'Photography', 'Image', 'Photojournalism', 'Text', 'Photo caption', 'Subtitle', 'Fine art', 'Camera', 'create']"
ndb7Ez9m2YM,10608,https://i.ytimg.com/vi/ndb7Ez9m2YM/default.jpg,Eat pickled watermelon rind allure,"['Hair', 'Jaw', 'Eye', 'Facial expression', 'Eyelash', 'Brown hair', 'Step cutting', 'Long hair', 'Layered hair', 'Feathered hair']","['Maren Morris', 'Girl', 'Girl', 'Country music', 'Girl', 'Dailymotion', 'Song', 'Amazon Prime Video']"
VxWhgFU7nWE,3008,https://i.ytimg.com/vi/VxWhgFU7nWE/default.jpg,C,"['Happiness', 'Facial expression', 'Smile', 'Love', 'Laughter']",[]
lCuewNV_KyQ,14155,https://i.ytimg.com/vi/lCuewNV_KyQ/default.jpg,2X2X2 RUBIK'S,"['Red', 'Graphic design']",['Meter']
5fZiMNo5-uo,50615,https://i.ytimg.com/vi/5fZiMNo5-uo/default.jpg,IRELIA THE BLADE DANCER,"['Fictional character', 'Animation', 'CG artwork', 'Animated cartoon', 'Anime', 'Hero', 'Game', 'Video Game Software', 'Graphics', 'Graphic design']","['ISTX EU.ESG CL.A.SE.50 EO', 'Wonder Woman', 'Erik Lehnsherr', 'Cartoon', 'Fantastic Four', 'Meter']"
fGTfbMioezc,20,https://i.ytimg.com/vi/fGTfbMioezc/default.jpg,,"['Film', 'Animation', 'Acting', 'Hero', 'PC game']","['Black Bolt', 'Action', 'Thriller', 'Inhumans', 'Spy thriller', 'Action Thriller', 'famous', 'Martial Arts']"
t4pRQ0jn23Q,110595,https://i.ytimg.com/vi/t4pRQ0jn23Q/default.jpg,,"['Sneakers', 'Walking Shoe', 'Skate shoe', 'Calf']","['YoungBoy Never Broke Again', 'The Chainsmokers', 'Selfie', 'Photograph', '#SELFIE', 'Self-portrait', 'Portrait', 'create', 'Image', 'popular']"
zUzBfBqbSmc,133260,https://i.ytimg.com/vi/zUzBfBqbSmc/default.jpg,ARE veve,['Film'],"['Visual Arts Center of Richmond', 'Visual Arts', 'Art', 'Performing arts', 'The arts', 'Visual arts education', 'Graphic design', 'Performance art', 'Design', 'Painting']"
1sqyuXCwcBA,21211,https://i.ytimg.com/vi/1sqyuXCwcBA/default.jpg,Voice,"['Electronic device', 'Entertainment', 'Facial expression', 'Happiness', 'Microphone', 'Smile', 'Song', 'Singing', 'Tooth', 'Audio equipment']","['Maren Morris', 'Dailymotion', 'Girl', 'Girl', 'Song', 'Girl', 'Spotify', 'Country music']"
q-jZm-FUbqs,23788,https://i.ytimg.com/vi/q-jZm-FUbqs/default.jpg,,"['Sports venue', 'Professional Wrestler', 'Fan', 'Public event', 'Audience', 'Entertainment', 'Combat sport', 'Crowd', 'Contact sport', 'Wrestling']","['Audience', 'Play', 'Theatre', 'Theater', 'Buy Me an Island', 'National Theatre at Home', 'Trailer', 'Target audience', 'Helen Mirren']"
dY2jpeasD4w,8524,https://i.ytimg.com/vi/dY2jpeasD4w/default.jpg,tru ADAM RUINS EVERYTHING,"['Happiness', 'Animation', 'Animated cartoon']","['Roz Doyle', 'Frasier Crane', 'Cartoon', 'Cartoon Network', 'Episode', 'Tom and Jerry', 'Cartoon Cartoons', ""Weekend at Benson's"", 'Laughter', 'Season']"
W-KEuvd3S-Q,65362,https://i.ytimg.com/vi/W-KEuvd3S-Q/default.jpg,amazon echo,"['Red', 'Orange', 'Graphic design', 'Publication']","['Venezuela', 'perfect', 'Amazon.com', 'Amazon Hub Counter', 'Meter']"
gMFMb9-gfBw,5451,https://i.ytimg.com/vi/gMFMb9-gfBw/default.jpg,,"['People', 'Smile', 'Happiness', 'Facial expression', 'Black hair', 'Tooth', 'Youth', 'Friendship', 'Fun', 'Selfie']",['light-hearted']
zPm4rR1cmzU,58522,https://i.ytimg.com/vi/zPm4rR1cmzU/default.jpg,2 SONGLY GRAV M,"['Entertainment', 'Graphics']","['5hy', 'Concert']"
6tAB3YwWkxY,4448,https://i.ytimg.com/vi/6tAB3YwWkxY/default.jpg,FILM INDEP ENDENT SPIRIT AWARDS ANDY SAMBERS BREAKFAST CLUB,"['Entertainment', 'Event', 'Performing Arts', 'Performance', 'Visual Effect Lighting', 'Advertising', 'Talent show']","['Salsa', 'Animation', 'Performance M', 'Meter']"
3eY394uqk9Q,34155,https://i.ytimg.com/vi/3eY394uqk9Q/default.jpg,5 Tips for COOKING ALONE,"['Ingredient', 'Food', 'Advertising', 'Cooking', 'Cook', 'Recipe', 'Chef', 'Comfort food', 'Bottle', 'Homemaking']","['Album cover', 'Poster', 'Album', 'Meter']"
_pxQcHAMi1E,12984,https://i.ytimg.com/vi/_pxQcHAMi1E/default.jpg,GENIUS NORMAL,"['Logo', 'Graphic design', 'Graphics', 'Advertising', 'Science']","['Cartoon', 'Cartoon Network', 'Animation', 'Cartoon Network India', 'YouTube', 'YouTube', 'Episode', 'Tom and Jerry', 'Relax Bear']"
UqItlHUSN-4,115637,https://i.ytimg.com/vi/UqItlHUSN-4/default.jpg,vevo,"['Formal wear', 'Happiness', 'Film', 'Family', 'Cousin', 'Tuxedo']",['Screenshot']
V6wWKNij_1M,14370,https://i.ytimg.com/vi/V6wWKNij_1M/default.jpg,HEREDITARY TRAILER,"['Facial expression', 'Film', 'Publication', 'Book cover', 'Portrait photography']","['Text', 'Photo caption', 'Screenshot', 'Meter', 'Subtitle']"
dmtTnGlTUI0,23890,https://i.ytimg.com/vi/dmtTnGlTUI0/default.jpg,M,"['Triangle', 'Graphics', 'Advertising', 'Graphic design']","['Then', 'Then', 'Artist', 'Deezer', 'YouTube', 'Painting', 'opening', 'Spotify', 'Artwork']"
5wVnr3cahQg,3374,https://i.ytimg.com/vi/5wVnr3cahQg/default.jpg,HOLIDAY GIFT GUIDE,['Pink'],"['Blond', 'Meter']"
Thvm6dADOms,21301,https://i.ytimg.com/vi/Thvm6dADOms/default.jpg,vevo,"['Facial expression', 'Facial hair', 'Beard', 'Moustache', 'Pleased', 'Film']",['Screenshot']
cUa93K56cc0,35605,https://i.ytimg.com/vi/cUa93K56cc0/default.jpg,HONEY ROASTED CARROTS,"['Produce', 'Ingredient', 'Carrot', 'Food', 'Vegetable', 'Natural foods', 'Root Vegetables', 'Superfood', 'Staple food', 'Wild carrot']","['Breadstick', 'Baguette', 'Bread', 'Dessert', 'Baking', 'Garlic cheese', 'Dough', 'Garlic', 'Ingredient', 'Cheese']"
NHZr6P1csiY,165538,https://i.ytimg.com/vi/NHZr6P1csiY/default.jpg,,"['Graphics', 'Animation', 'Graphic design']","['Graphic design', 'Design', 'Illustration', 'Cartoon', 'Text', 'Graphics', 'Meter']"
G4BxOhJOmUw,36043,https://i.ytimg.com/vi/G4BxOhJOmUw/default.jpg,RACHEL'S ENGLISH TRIFLE,"['Food', 'Tableware', 'Ingredient', 'Dessert', 'Recipe', 'Dairy product', 'Trifle', 'Produce', 'Comfort food', 'Verrine']","['Sundae', 'Ais kacang', 'Red bean ice', 'Granita', 'Milkshake', 'Syllabub', 'Gelato', 'Custard', 'Ice Cream', 'Parfait']"
Ba4j_q02FM4,32146,https://i.ytimg.com/vi/Ba4j_q02FM4/default.jpg,12 CRINGE,"['Lips', 'Happiness', 'Facial expression', 'Tooth', 'Eyelash', 'Blond', 'Gesture', 'Long hair', 'Tongue', 'Laughter']","['Text', 'Album cover', 'Photo caption', 'Album', 'Meter', 'Subtitle']"
c0bsKc4tiuY,55583,https://i.ytimg.com/vi/c0bsKc4tiuY/default.jpg,TED THING,"['Stage', 'Design', 'Presentation', 'Speech']","['Display device', 'Liquid-crystal display', 'Computer Monitor', 'Backlight', 'Electronic visual display', 'Output device', 'Slide show', 'Presentation', 'built-in', 'used']"
2nshBD9EbxE,21338,https://i.ytimg.com/vi/2nshBD9EbxE/default.jpg,NOW TO MAKE A WOODEN KATANA,['Plank'],"['Tom Vasel', 'Longboard', 'Skateboard', 'Longboarding', 'Longboard Decks', 'Skateboarding', 'Surfboard', 'Sports equipment', 'Mike Dilisio']"
JWAvRIpuj1U,0,https://i.ytimg.com/vi/JWAvRIpuj1U/default.jpg,五,"['White-collar worker', 'Television presenter', 'News', 'Logo', 'Television show', 'Flag', 'Official', 'Spokesperson', 'Businessperson', 'Government']","['Speech', 'Pronunciation', 'Cambridge Academic Content Dictionary Reference Book with CD-ROM', 'Cambridge Dictionary', ""Cambridge Advanced Learner's Dictionary"", 'Word', 'Grammar', 'Dictionary', 'Thesaurus', 'English']"
DtWriozwdR0,1082,https://i.ytimg.com/vi/DtWriozwdR0/default.jpg,Ο HEART RATE MONITOR,"['Advertising', 'Screenshot', 'News', 'Photo caption']","['Screenshot', 'Snipping Tool', 'Windows 10', 'Computer Monitor', 'Computer', 'Operating System', 'Display device', 'Microsoft Windows', 'Personal computer']"
DzNwinmBawo,11287,https://i.ytimg.com/vi/DzNwinmBawo/default.jpg,YouTubewell,"['Red', 'Text', 'Font', 'Screenshot', 'Number', 'Web page']","['Screenshot', 'Software', 'Text', 'Web page', 'Meter', 'World Wide Web']"
arJ5h2TY3I4,82320,https://i.ytimg.com/vi/arJ5h2TY3I4/default.jpg,,"['Entertainment', 'Happiness', 'Choreography', 'Performing Arts', 'Dance', 'Graphics', 'Animation', 'Graphic design']",[]
icNjK6xATjs,235,https://i.ytimg.com/vi/icNjK6xATjs/default.jpg,,"['Chin', 'Eyebrow', 'Forehead', 'Jaw', 'Facial expression', 'Wrinkle', 'White-collar worker', 'Necktie', 'Official', 'Businessperson']","['Israel', 'Prime minister', 'Prime Minister of Israel', 'Iran', 'Politics', 'Shalom Lipner', 'Trita Parsi', 'Sara Netanyahu']"
xVU8nEIsapY,34061,https://i.ytimg.com/vi/xVU8nEIsapY/default.jpg,DON'T DATE MY CRAPPY FRIENDS,"['Happiness', 'Smile', 'Facial expression', 'Tooth', 'Step cutting', 'Laughter', 'Advertising', 'Feathered hair', 'Photo caption', 'Film']",['Meter']
ET6XGZqOyjY,85648,https://i.ytimg.com/vi/ET6XGZqOyjY/default.jpg,before after $4 Goodwill,"['Dress', 'Shoulder', 'One-piece garment', 'Formal wear', 'Cocktail dress', 'Day Dress', 'Waist', 'Fashion design', 'Human back', 'Little black dress']","['Screenshot', 'Snipping Tool', 'Windows 10', 'Print Screen', 'Computer', 'Computer Monitor', 'Microsoft Windows', 'Operating System', 'screenshot']"
w77zPAtVTuI,48446,https://i.ytimg.com/vi/w77zPAtVTuI/default.jpg,,"['Soil', 'Plant stem', 'Compost', 'Root']","['Phasmids', 'Insects', 'Common walkingstick', 'Mantis', 'Leaf insects', 'Phasma', 'Giant Walkingstick', 'Walking', 'Walking stick', 'Camouflage']"
07S_Glj3uYs,74011,https://i.ytimg.com/vi/07S_Glj3uYs/default.jpg,,['Graphic design'],[]
n5IdKE3rhII,10072,https://i.ytimg.com/vi/n5IdKE3rhII/default.jpg,INSTA-STALK,"['Facial hair', 'Beard', 'Moustache', 'Design']",['Meter']
H0g4JxKp4fc,159805,https://i.ytimg.com/vi/H0g4JxKp4fc/default.jpg,,"['Electronic device', 'Display device', 'Peripheral', 'Technology', 'Computer', 'Flat-panel display', 'Computer hardware', 'Computer monitor', 'Desktop computer', 'Gadget']","['TV', 'Television', 'Cough', 'Liquid-crystal display', 'LED-backlit LCD', 'delete', 'just', 'Facepalm', 'YouTube']"
r4qSDOHeWjk,25710,https://i.ytimg.com/vi/r4qSDOHeWjk/default.jpg,HOU! BURGER,"['Facial hair', 'Beard', 'Sandwich', 'Moustache', 'Buffalo burger', 'Hamburger', 'Bun', 'Finger food', 'Bread', 'Fast food']","['Alvin Cailan', 'George Motz', 'Cheeseburger', 'Jucy Lucy', 'Burger', 'The Burger Show', 'Whopper', 'Sandwich', 'Bacon', 'Grilled Cheese Burger']"
puREqwXzyCI,8839,https://i.ytimg.com/vi/puREqwXzyCI/default.jpg,CALM ON BROADWAY!,"['Facial expression', 'Happiness', 'Entertainment', 'Performing Arts', 'Performance', 'Laughter', 'Photo caption', 'Advertising', 'News']","['Display device', 'Computer Monitor']"
ZXEmAGAV8kA,536,https://i.ytimg.com/vi/ZXEmAGAV8kA/default.jpg,DETROIT,"['Advertising', 'Display device', 'Logo', 'Luxury vehicle', 'Concept car', 'Mid-size car', 'Subcompact car', 'City car', 'Hatchback', 'Sport utility vehicle']","['SUV', 'General Motors', 'Minivan', 'Saab Automobile', 'Ford Motor Company', 'Toyota', 'BMW', 'Compact car', 'Crossover SUV']"
ZJDMWVZta3M,395711,https://i.ytimg.com/vi/ZJDMWVZta3M/default.jpg,TEASER TRAILER,"['Facial expression', 'Happiness', 'Animation', 'Animated cartoon', 'Graphics', 'Fictional character', 'Laughter']","['official', 'Cartoon', 'Animation', 'Teaser trailer', 'animated cartoon', 'Meter', 'Trailer', 'The Incredibles', 'Incredibles 2', 'The Incredibles']"
76-ui4F8DJ0,2049,https://i.ytimg.com/vi/76-ui4F8DJ0/default.jpg,JUSTICE LEAGUE WILL FAIL TO REACH $700 MILLION AT BOX OFFICE,"['Superhero', 'Hero', 'Justice League', 'Fictional character', 'Action', 'Poster', 'Film', 'Batman', 'Cape', 'Publication']","['Ray Fisher', 'Justice League', ""Zack Snyder's Justice League"", 'Batman v Superman: Dawn of Justice', 'Superman', 'Man of Steel', 'DC Extended Universe', 'DC Comics', 'Superhero', 'Justice League']"
bYXM3uz1bjM,5999,https://i.ytimg.com/vi/bYXM3uz1bjM/default.jpg,vevo,"['Night', 'Graphics', 'Kit car', 'Neon']","['Computer', 'Computer Monitor', 'Screen printing', 'Display device', 'Video display controller', 'Output device', 'Projector Screen', 'MJR', 'create']"
q8v9MvManKE,87892,https://i.ytimg.com/vi/q8v9MvManKE/default.jpg,,"['Happiness', 'Cartoon', 'Animation', 'Illustration', 'Graphics', 'Clip art', 'Animated cartoon', 'Graphic design']","['Cartoon', 'Animation', 'Cartoon Network', 'Tom and Jerry', 'Episode', 'Cartoon Network India', 'YouTube', 'Humor', 'Cartoon Cartoons']"
jVNepCaqJok,5744,https://i.ytimg.com/vi/jVNepCaqJok/default.jpg,,"['Hand', 'Felidae', 'Felinae', 'Cat', 'Nail', 'Carnivores', 'Thumb', 'Fur', 'Paw', 'Foot']",[]
GBhrvR838Ag,1235,https://i.ytimg.com/vi/GBhrvR838Ag/default.jpg,,"['People', 'Happiness', 'Formal wear', 'White-collar worker', 'Film', 'Conversation', 'Love', 'Necktie', 'Television show', 'Family']","['Prince Harry, Duke of Sussex', 'Kensington Palace', 'Harry & Meghan', 'Nottingham Cottage', 'Wedding of Prince Harry and Meghan Markle', 'Conversation', 'British royal family', 'meaningful', 'closing', 'Interview']"
6xMBmvevhj0,29634,https://i.ytimg.com/vi/6xMBmvevhj0/default.jpg,vevo,"['Facial hair', 'Beard', 'Happiness', 'Entertainment', 'Moustache', 'Performing Arts', 'Photo caption', 'Graphic design', 'Performance', 'Album cover']","['Calvin Harris', 'Music video', 'Nuh Ready Nuh Ready', 'Nuh Ready Nuh Ready', 'Vimeo', 'YouTube', 'Playlist', 'Mubi']"
HF27coLl2-w,3085,https://i.ytimg.com/vi/HF27coLl2-w/default.jpg,february Jovies!,"['Facial expression', 'Pink', 'Happiness', 'Smile', 'Blond', 'Child']",['Meter']
vsA_L1t4vXY,10090,https://i.ytimg.com/vi/vsA_L1t4vXY/default.jpg,TAXLESS FREEPORTS,"['Flag of the United States', 'Flag', 'Flag Day', 'Advertising', 'Veterans Day']","['United States', 'Flag', 'Flag of the United States', 'State flag', 'Symbol', 'just', 'equal', ""Cambridge Learner's Dictionary"", 'Dictionary']"
Pxf8Bf1V0is,8368,https://i.ytimg.com/vi/Pxf8Bf1V0is/default.jpg,MIGHTY THOR BATTLE ROYALE,"['Action', 'Fictional character', 'Hero', 'Poster', 'Game', 'Video Game Software', 'Superhero', 'Film', 'PC game', 'Fire']","['Thor', 'Thor', 'Superhero', 'Marvel Cinematic Universe', 'Dailymotion', 'Thor: Ragnarok', 'Chris Hemsworth', 'Thor', 'Avengers: Doomsday']"
hQW_9ws8OhA,72887,https://i.ytimg.com/vi/hQW_9ws8OhA/default.jpg,,"['Finger', 'Gadget', 'Lighter', 'Nail', 'Thumb', 'Mobile phone', 'Telephony', 'Communication Device', 'Smartphone', 'Portable communications device']","['Animation', 'The Big Trip', 'Cartoon', 'animated cartoon', 'funny', 'Humor', 'Videogyan', 'Tom and Jerry', 'Animated film', 'Nursery rhyme']"
GxmDeU_4UlQ,20206,https://i.ytimg.com/vi/GxmDeU_4UlQ/default.jpg,PUTIN'S WALK,"['Trousers', 'White-collar worker', 'Businessperson', 'Walking', 'Happiness', 'Suit trousers', 'Photo caption']","['Traffic sign', 'Traffic', 'Driving', 'Stop sign', 'Road safety', 'Pedestrian crossing', 'Pedestrian', 'Yield sign', 'Traffic warning sign', 'Intersection']"
Nkl-k_rjn_U,5642,https://i.ytimg.com/vi/Nkl-k_rjn_U/default.jpg,JASON ALDEAN,"['Font', 'Darkness', 'Night', 'Midnight', 'Graphics']","['Graphic design', 'Logo', 'Design', 'Text', 'Meter', 'Graphics']"
LfeEu4_vtfQ,192742,https://i.ytimg.com/vi/LfeEu4_vtfQ/default.jpg,Wish FAME FENTY FOUNDATIONS,"['Personal care', 'Skin Care']","['Animation', 'Meter']"
Nl0iGMkxwcc,4626,https://i.ytimg.com/vi/Nl0iGMkxwcc/default.jpg,,"['Graphics', 'Graphic design']","['Illustration', 'Drawing', 'Illustrator', 'Digital illustration', 'Art', 'Image', 'Sketch', 'Doodle', 'Toons Mag', 'Visual Arts']"
-Qv6p6pTz5I,232840,https://i.ytimg.com/vi/-Qv6p6pTz5I/default.jpg,TRAILER,"['Film', 'Hero', 'Television show', 'Prince', 'News', 'Photo caption']","['Johnny English Strikes Again', 'Screenshot', 'Kevin STRATVERT', 'Snipping Tool', 'Computer', 'Windows 10', 'Image', 'screenshot', 'Computer Monitor']"
QBL8IRJ5yHU,301570,https://i.ytimg.com/vi/QBL8IRJ5yHU/default.jpg,,"['Facial expression', 'Happiness', 'Blond', 'Photo caption', 'Dreadlocks']","['Maren Morris', 'Dailymotion', 'Girl', 'Girl', 'Girl', 'Country music', 'Amazon Prime Video', 'Video on demand']"
uGwcNjWrgaU,0,https://i.ytimg.com/vi/uGwcNjWrgaU/default.jpg,,"['Lips', 'Happiness', 'Long hair', 'Brown hair', 'Layered hair', 'Portrait photography', 'Throat', 'Plus-size model', 'Model', 'Step cutting']",[]
YML2DM0K8DQ,8544,https://i.ytimg.com/vi/YML2DM0K8DQ/default.jpg,COMME vevo,"['Font', 'Graphics', 'Graphic design']","['Logo', 'Meter']"
VRJmcxCrAOA,1001244,https://i.ytimg.com/vi/VRJmcxCrAOA/default.jpg,,"['Flooring', 'Balance']","['Dude Perfect', 'YouTube', 'Entertainment', 'Episode', 'just', 'other', 'Cory Cotton', 'Coby Cotton', 'Garrett Hilbert']"
X2BfTXIwABo,9560,https://i.ytimg.com/vi/X2BfTXIwABo/default.jpg,,"['Superhero', 'Fictional character', 'Cartoon', 'Hero', 'Animated cartoon', 'Animation', 'Fiction', 'Comics', 'Mythology', 'CG artwork']","['Marvel the X-Men: 100 Collectible Comic Book Cover Postcards', 'Marvel Comics', 'Comics', 'Marvel Cinematic Universe', 'Superhero', 'Marvel', 'Comic book', 'Graphic novel', 'Avengers']"
HHauPi8CS4k,4052,https://i.ytimg.com/vi/HHauPi8CS4k/default.jpg,,"['Happiness', 'Child', 'Toy dog', 'Photo caption', 'Canidae']","['Cody Lyon', 'Animation', 'Inside Out 2', 'Cartoon', 'Pixar', 'Animator', 'Animated film', 'Cel', 'Live action']"
xf-dywd3zx0,457519,https://i.ytimg.com/vi/xf-dywd3zx0/default.jpg,BTS,[],"['Permission to Dance on Stage', 'BTS', 'Documentary', 'Boy band', 'Docuseries', 'Entertaining', 'Trailer', 'Burn the Stage: The Movie']"
ZCPwpcurYns,352409,https://i.ytimg.com/vi/ZCPwpcurYns/default.jpg,,['Film'],"['The Buddha', 'Lumbini', 'Bodh Gaya', 'Kalpa', ""Inner Engineering: A Yogi's Guide to Joy"", 'Sacred fig', 'lost', 'create', 'defeat of Mara', 'available']"
bJWDajO2SZE,165586,https://i.ytimg.com/vi/bJWDajO2SZE/default.jpg,LAZY FOOD GADGETS,"['Food', 'Smile', 'Facial expression', 'Ingredient', 'Happiness', 'Food craving', 'Eating', 'Recipe', 'Cooking', 'Comfort food']","['Narutomaki', 'Animation', 'Cantaloupe', 'Cartoon', 'Junk food', 'animated cartoon', 'Junk Food (M)']"
mQ055hHdxbE,143765,https://i.ytimg.com/vi/mQ055hHdxbE/default.jpg,,"['Zebra', 'Steppe', 'Ranch', 'Animal training', 'Farm', 'Savanna']","['German Shepherd', 'Bullmastiff', 'Dobermann', 'Giant Schnauzer', 'Great Dane', 'Rottweiler', 'Guard dog', 'Dog Breed', 'Giant dog breed', 'Pinscher']"
96oKlWv5wSo,10561,https://i.ytimg.com/vi/96oKlWv5wSo/default.jpg,,"['Flame', 'Cooking', 'Fire', 'Meat', 'Food', 'Grilling', 'Roasting', 'Barbecue', 'Smoke']","['Flame', 'Flame', 'Alphaville', ""We Gon' Reign"", 'Music video', 'Pixabay', 'Album', 'Flame', 'Spotify', '1997']"
cIriwVhRPVA,18336,https://i.ytimg.com/vi/cIriwVhRPVA/default.jpg,vevo,"['Happiness', 'Gesture', 'Child']","['Sigrid', 'Don’t Feel Like Crying', 'Country music', 'Phonograph record', 'Music theory', 'Girl', 'Album', 'Sucker Punch', 'Ordinary Girl', 'Girl']"
KtlERZ5WnaU,21236,https://i.ytimg.com/vi/KtlERZ5WnaU/default.jpg,,"['Eyebrow', 'Lips', 'Forehead', 'Jaw', 'Eyelash', 'Facial hair', 'Cosmetics', 'Personal care', 'Hair removal', 'Shaving']","['James Charles', 'Human', 'Human evolution', 'Species', ""Rag'n'Bone Man"", 'YouTube', 'Anthropocentrism', 'popular', 'Evolution']"
_wNZbgBPz1Q,19494,https://i.ytimg.com/vi/_wNZbgBPz1Q/default.jpg,,['Long hair'],['Blond']
IgUlowmSeHo,13907,https://i.ytimg.com/vi/IgUlowmSeHo/default.jpg,HOW A MESSED UP CHILDHOOD AFFECTS YOU IN ADULTHOOD,"['Text', 'Font', 'Happiness', 'Child', 'Photo caption']","['Sketch', 'Meter']"
KUUjtUP2CrE,54340,https://i.ytimg.com/vi/KUUjtUP2CrE/default.jpg,vevo,"['Eyebrow', 'Lips', 'Eyelash', 'Beauty', 'Facial expression', 'Lipstick', 'Eye liner', 'Cosmetics', 'Eye shadow', 'Mascara']","['Blond', 'Human hair color', 'Hair', 'Color', 'Guide', 'other', 'Grammar', 'Yellow', 'Word', 'proper']"
Pc1Obe1BWhc,31,https://i.ytimg.com/vi/Pc1Obe1BWhc/default.jpg,DICEANA,"['Happiness', 'Leisure', 'Throat', 'Screenshot', 'Portrait photography']",[]
o4fHlldbRHo,6198,https://i.ytimg.com/vi/o4fHlldbRHo/default.jpg,CHUFFED DAD SONG,"['Facial hair', 'Beard', 'Happiness', 'Moustache', 'Plaid', 'Photo caption']","['Photograph', 'Text', 'Photography', 'Photojournalism', 'Image', 'Photo caption', 'Subtitle', 'Fine art', 'Design', 'Camera']"
higZGd1fU4Q,7403,https://i.ytimg.com/vi/higZGd1fU4Q/default.jpg,LIVING BIG,"['Wood', 'Cottage', 'Shed', 'Log cabin', 'Porch', 'Garden buildings', 'Shack', 'Mobile home', 'Outdoor Structure', 'Garden']","['House', 'Housing', 'Real Estate', 'Home', 'Terraced house', 'Rent', 'Owner-occupancy', 'Show house', 'Tiny house movement', 'Guide']"
kton-qrKNLc,286890,https://i.ytimg.com/vi/kton-qrKNLc/default.jpg,vevo,"['Happiness', 'Pleased', 'Photo shoot', 'Makeover']","['Meghan Trainor', 'YouTube Music', 'Music video', 'Music theory', 'No Excuses', 'Lynyrd Skynyrd', 'Album', 'Song', 'All About That Bass', 'Lips Are Movin']"
tvs3yvEcARA,3135,https://i.ytimg.com/vi/tvs3yvEcARA/default.jpg,3D PRINTED!,"['Aircraft', 'Fixed-wing aircraft', 'Aviation', 'Aerospace Engineering', 'Propeller-driven aircraft', 'Air travel', 'Model aircraft', 'Light aircraft', 'General aviation', 'Aerospace manufacturer']","['Graphic design', 'Design', 'Screenshot', 'Text', 'Graphics', 'Meter']"
By6Mi7VlqcU,2616,https://i.ytimg.com/vi/By6Mi7VlqcU/default.jpg,,"['Jacket', 'Facial hair', 'Hat', 'Beard', 'Cap', 'Rapper', 'Crew', 'Hoodie', 'Baseball cap', 'Beanie']","['Eminem', 'DJ Whoo Kid', 'Eminem: E', 'Shade 45', 'Shade 45', 'Rapping', 'Eminem Speaks', '3 a.m.', 'create', 'Rapper']"
sV7QeEJ9daI,3523,https://i.ytimg.com/vi/sV7QeEJ9daI/default.jpg,(BT),"['Food', 'Ingredient', 'Fast food', 'Meat', 'Finger food', 'Bread', 'Recipe', 'Breakfast', 'Staple food', 'Sandwich']","['Shashlik', 'Kebab', 'Yakitori', 'Churrasco', 'Chicken Shashlik', 'Chicken Shashlik with Gravy', 'Spice', 'Bacon', 'Fast food', 'Cooking']"
EEzj0HMz5Bc,190360,https://i.ytimg.com/vi/EEzj0HMz5Bc/default.jpg,,"['Facial expression', 'Happiness', 'Gesture', 'Collage']",[]
AIrxDop0GCQ,5254,https://i.ytimg.com/vi/AIrxDop0GCQ/default.jpg,INSIDER,"['Foot', 'Barefoot', 'Calf', 'Toe', 'Clay', 'Child']",[]
6VhU_T463sU,4503,https://i.ytimg.com/vi/6VhU_T463sU/default.jpg,,"['Horn', 'Antler', 'Headpiece', 'Goth subculture']","['French Horn', 'Thor: Ragnarok', 'Horn', 'Hela', 'Natural horn', 'Orchestra', 'Marvel Studios', 'Talented', '3D printing']"
prmQgSpV3fA,55039,https://i.ytimg.com/vi/prmQgSpV3fA/default.jpg,97 IRO BLACK THOUGHT,"['Eyewear', 'Hat', 'Vision Care', 'Facial hair', 'Sun hat', 'Beard', 'Moustache', 'Sunglasses', 'Cap', 'Fedora']","['Black Thought', 'Freestyle music', 'Musician', 'Fedora', 'Artist', 'Freestyle rap']"
LlQdOHakvHg,1725,https://i.ytimg.com/vi/LlQdOHakvHg/default.jpg,BURNING QUESTIONS W BUTE THEIR MESA,"['Happiness', 'Smile', 'Advertising', 'Photo caption', 'Laughter']","['Animation', 'Cartoon', 'Pixar', 'Animator', 'Animated film', 'Live action', 'Illustration', 'Anime', 'Cel']"
KUUjtUP2CrE,40021,https://i.ytimg.com/vi/KUUjtUP2CrE/default.jpg,vevo,"['Eyebrow', 'Lips', 'Eyelash', 'Beauty', 'Facial expression', 'Lipstick', 'Eye liner', 'Cosmetics', 'Eye shadow', 'Mascara']","['Blond', 'Human hair color', 'Hair', 'Color', 'eumelanin', 'Dye', 'Pigment', 'Guide', 'Gold', 'Tint, shade and tone']"
CJRw18MtRPg,38079,https://i.ytimg.com/vi/CJRw18MtRPg/default.jpg,,"['Hand', 'Finger', 'Nail', 'Thumb', 'Office supplies', 'Tool', 'Office Instrument', 'Writing implement', 'Artisan']","['Smoking cessation', 'Nicotine replacement therapy', 'Nicotine nasal spray', 'Tobacco smoking', 'Varenicline', 'Nicotine', 'Lung cancer', 'Therapy', 'Medicine', 'Inhaler']"
9qRqfWJ6ONU,6025,https://i.ytimg.com/vi/9qRqfWJ6ONU/default.jpg,,"['Car', 'Personal luxury car', 'Executive car', 'Luxury vehicle', 'BMW', 'Sedan', 'Performance car', 'Sports sedan', 'Mid-size car', 'Full-size car']","['Compact sport utility vehicle', 'SUV', 'Compact car', 'Car', 'Land Rover Discovery Sport', 'Pickup truck', 'Toyota Corolla', 'KIA Sportage', 'Luxury car', 'Mid-size car']"
OZsYiWBgFOk,11472,https://i.ytimg.com/vi/OZsYiWBgFOk/default.jpg,SPY WHO DUMPED ME,"['Thigh', 'Physical fitness', 'Exercise', 'Film', 'Hip', 'Advertising', 'Photo caption', 'Professional fitness coach']","['Mila Kunis', 'Sam Heughan', 'The Spy Who Dumped Me', 'Dailymotion', 'Comedy', 'Girl', 'Trailer']"
5PR3Hn6cQ60,38114,https://i.ytimg.com/vi/5PR3Hn6cQ60/default.jpg,SEPHORA CLEARANCE,"['Personal care', 'Advertising', 'Cosmetics', 'Nail', 'Makeover', 'Mobile phone', 'Customer', 'Lipstick', 'Gadget']",[]
LLiXwMQW_VQ,7229,https://i.ytimg.com/vi/LLiXwMQW_VQ/default.jpg,,"['Flame', 'Fire', 'Heat', 'Cleanliness', 'Smoke']","['Art', 'Cincinnati Art Museum', 'Hans Memling', 'Artist', 'Creativity', 'Painting', 'Masterpiece', 'Artistic inspiration', 'create', 'Style']"
YI3tsmFsrOg,234079,https://i.ytimg.com/vi/YI3tsmFsrOg/default.jpg,BACTERIOPHAGE,"['Graphic design', 'Graphics', 'Night', 'Animation', 'Science', 'Star', 'Screenshot']","['Fly', 'Light', 'Pterygota', 'Termite', 'Street light', 'Alate', 'Window', 'Light source', 'Light pollution', 'Lamp']"
gHZ1Qz0KiKM,22594,https://i.ytimg.com/vi/gHZ1Qz0KiKM/default.jpg,,"['Gadget', 'Electronic device', 'Communication Device', 'Telephony', 'Mobile phone', 'Nail', 'Technology', 'Portable communications device', 'Smartphone', 'Mobile device']","['Selfie', 'Selfie', 'The Chainsmokers', 'Photograph', 'Photography', 'Self-portrait', '#SELFIE', 'Portrait', 'Portrait photography', 'self-portrait photography']"
pfM1F0fBTo8,49424,https://i.ytimg.com/vi/pfM1F0fBTo8/default.jpg,MEET MY DOG,"['Facial expression', 'Snout', 'Dog', 'Happiness', 'Toy dog', 'Puppy', 'Pug', 'Animation', 'Animated cartoon', 'Canidae']","['Cartoon', 'Cartoon Network', 'Animation', 'Cartoon Network India', 'Cartoon Cartoons', 'Tom and Jerry', 'YouTube', 'Humor', 'Relax Bear']"
LnFsp6iM5dg,133528,https://i.ytimg.com/vi/LnFsp6iM5dg/default.jpg,BEFORE B AFTER,['Photo caption'],"['Photo caption', 'Subtitle']"
x_IG4DeedB4,16737,https://i.ytimg.com/vi/x_IG4DeedB4/default.jpg,TECH SUPPORT,"['Facial expression', 'Happiness', 'Graphics', 'Animation']","['Cartoon', 'Meter']"
IBHx9uwCy3w,11524,https://i.ytimg.com/vi/IBHx9uwCy3w/default.jpg,,"['Facial expression', 'Gesture', 'Necktie', 'Thumb', 'Driving']","['Car', 'Driving', 'Driving school', 'Road safety', 'Traffic', 'Driving instructor', 'Zutobi', 'Ford Tempo', 'Driving test', 'Smart Drive Test Inc.']"
h-h5Mhlt6O0,64551,https://i.ytimg.com/vi/h-h5Mhlt6O0/default.jpg,,"['Electronic device', 'Peripheral', 'Computer monitor', 'Office Equipment', 'Input device', 'Desktop computer', 'Display device', 'Computer', 'Office supplies', 'Output device']","['iMac Pro', 'Apple', 'LCD television', 'Computer Monitor', 'TV', 'Apple', 'Desktop Computer', '8-core', 'Computer']"
52L2HML5O1k,4422,https://i.ytimg.com/vi/52L2HML5O1k/default.jpg,STAR WARS SHOW AT SEA,"['Fictional character', 'Toy', 'Box']","['LEGO Star Wars: The Skywalker Saga', 'Lego Star Wars: The Force Awakens', 'LEGO Star Wars Complete Saga Ps-3 Ak Essentials Restposten', 'LEGO', 'PlayStation 4', 'Lego Star Wars', 'Death Star', 'Star Wars']"
qETfaJXx22g,11945,https://i.ytimg.com/vi/qETfaJXx22g/default.jpg,,['Evening'],"['Maren Morris', ""We're Going Home"", 'Alternative/Indie', 'Simon & Garfunkel', 'Country music', 'Girl', 'Girl', 'Dailymotion', 'Song']"
WMs3NOW1TDs,51990,https://i.ytimg.com/vi/WMs3NOW1TDs/default.jpg,YouTube Originals,"['Facial expression', 'Happiness', 'Sleep', 'Photo caption', 'Nap']","['Dugong', 'Dugongidae', 'Marine mammal', ""Steller's sea cow"", 'Seagrass', 'Mammal', 'Sea', 'Seagrass bed', 'Shore', 'Diverse family']"
Hu5FZYlCfc8,15437,https://i.ytimg.com/vi/Hu5FZYlCfc8/default.jpg,SPRING BREAK.,"['Eyewear', 'Glasses', 'Vision Care', 'Sunglasses', 'Goggles', 'Summer', 'Leisure', 'Vacation', 'Happiness', 'Sun tanning']","['Barechestedness', 'Meter']"
NsJkUfrqLzY,13793,https://i.ytimg.com/vi/NsJkUfrqLzY/default.jpg,KILD TLD WILD,"['White', 'Black and white', 'Monochrome']","['Graphic design', 'Logo', 'Design', 'Text', 'Graphics', 'Meter']"
ii3n7hYQOl4,156681,https://i.ytimg.com/vi/ii3n7hYQOl4/default.jpg,OFFICIAL TRAILER SONY,"['Technology', 'High-rise building', 'Advertising', 'Film']","['Miles Morales', 'Spider-Man', 'Phil Lord and Christopher Miller', 'Animation', 'Sony Pictures', 'Art', 'Poster', 'Spider-Man: Into the Spider-Verse', 'Spider-Man: Across the Spider-Verse']"
HdusPnywwPI,57287,https://i.ytimg.com/vi/HdusPnywwPI/default.jpg,SIRI PICKS MY MAKEUP,"['Facial expression', 'Tooth', 'Eyelash', 'Pink', 'Nail', 'Advertising', 'Hair coloring', 'Hair care', 'Makeover', 'Mobile phone']",[]
ATFwMO9CebA,9193,https://i.ytimg.com/vi/ATFwMO9CebA/default.jpg,,"['Suit', 'Meeting', 'Speech', 'Government', 'Crowd', 'Official', 'Convention', 'Audience', 'Public event', 'News']","['Screenshot', 'Snipping Tool', 'Windows 10', 'Computer', 'Microsoft Windows', 'Operating System', 'screenshot', 'Computer Monitor', 'Personal computer']"
cZYNADOHhVY,113448,https://i.ytimg.com/vi/cZYNADOHhVY/default.jpg,,"['Animation', 'Fictional character', 'Cartoon', 'Animated cartoon', 'Fiction', 'Graphics', 'Comics']","['The Fable of the Dragon-Tyrant', 'Cartoon', 'create', 'Cartoon Cartoons', 'succeeding', 'paid', 'YouTube', 'funny', 'last']"
oJ2faqXlU1s,164185,https://i.ytimg.com/vi/oJ2faqXlU1s/default.jpg,Before After,['Machine'],"['Toyota Sports 800', 'Sports car', 'Toyota', 'Car', 'Toyota Verso-S', 'Ferrari 458', 'Volkswagen Group', 'Toyota Supra', 'Toyota MR2']"
8sg8lY-leE8,29269,https://i.ytimg.com/vi/8sg8lY-leE8/default.jpg,,['People'],"['Vince Staples', 'FUN!', 'fun.', 'Universal Music Group', 'The Beach Boys', 'Fun, Fun, Fun (Remastered 2001)', 'Music video', 'Def Jam Recordings']"
eSHe32cEKqI,11182,https://i.ytimg.com/vi/eSHe32cEKqI/default.jpg,FOOD DIARIES,"['Facial expression', 'Advertising', 'Throat', 'Drinking']",['Meter']
HmBIn9De-Yc,11115,https://i.ytimg.com/vi/HmBIn9De-Yc/default.jpg,"SEASON 2 APRIL 3 LEGION FX,","['Film', 'Night', 'Crew', 'Collage']","['Noah Hawley', 'The Darkness', 'Amber Midthunder', 'Legion', 'Legion', 'Dan Stevens', 'Greg McLean', 'Kerry Loudermilk', 'The Darkness', 'FX']"
tl4I1b6cHKc,79532,https://i.ytimg.com/vi/tl4I1b6cHKc/default.jpg,,"['Happiness', 'Facial expression', 'Smile', 'Fun', 'Gesture', 'Laughter', 'Photo caption', 'Love', 'Photobombing', 'Cousin']",[]
272qtYHyylk,58513,https://i.ytimg.com/vi/272qtYHyylk/default.jpg,,"['Animation', 'Animated cartoon', 'Happiness']","['Cartoon', 'Humor', 'Cartoon Network', 'Tom and Jerry', 'Animation', 'Cartoon Cartoons', 'Dark comedy', ""Weekend at Benson's"", 'Episode', 'Cyanide & Happiness']"
mdTv3V4ALzg,8852,https://i.ytimg.com/vi/mdTv3V4ALzg/default.jpg,Open Door A,"['Happiness', 'Facial expression', 'Smile', 'Laughter', 'Hearing', 'Customer']","['Conversation', 'Learning', 'Small talk', 'Awkward silence', 'easy', 'Communication', 'Speech', 'Psychology', 'equal', 'Word']"
ugdgAifIOBA,33841,https://i.ytimg.com/vi/ugdgAifIOBA/default.jpg,TRUST FUND BABY,[],"['Jonah Marais', 'Zach Herron', 'Daniel Seavey', ""Why Don't We"", 'Corbyn Besson', 'Trust Fund Baby', 'Trust Fund Baby (The White Panda Remix)', 'The Good Times and the Bad Ones', 'iHeartRadio', 'Album']"
pDi7cezk9CA,153083,https://i.ytimg.com/vi/pDi7cezk9CA/default.jpg,,"['Happiness', 'Smile', 'Facial expression', 'Fun', 'Laughter', 'Collage', 'Child', 'Holiday']","['Cody Lyon', 'Animation', 'Inside Out 2', 'Cartoon', 'Animator', 'Pixar', 'future', 'Animated film']"
v8VMdSQL50w,528,https://i.ytimg.com/vi/v8VMdSQL50w/default.jpg,TODAY too,"['News', 'Television presenter', 'Blond', 'Television show', 'Feathered hair', 'Happiness', 'Interview', 'Display device']","['Ink Master', 'Television', 'TV Channel', 'Broadcasting', 'TV Guide', 'Streaming television', 'Short-form content', 'create', 'YouTube']"
nNZrc_XvF30,39408,https://i.ytimg.com/vi/nNZrc_XvF30/default.jpg,Полал,"['Goggles', 'Graphics', 'Graphic design', 'Sunglasses']","['Girl', 'Singer-songwriter', 'Dailymotion', 'Country music', 'Song', 'Girl', 'Meghan Trainor', 'Maren Morris']"
nRJuIrO9GaU,6445,https://i.ytimg.com/vi/nRJuIrO9GaU/default.jpg,JAMES FRANCO,"['Formal wear', 'Facial expression', 'Suit', 'White-collar worker', 'Coat', 'Necktie', 'Blazer', 'Television presenter', 'Facial hair', 'Television show']","['Photo caption', 'Subtitle']"
xe5tXZs-iWw,20281,https://i.ytimg.com/vi/xe5tXZs-iWw/default.jpg,OOBLECKWORMS,['Plastic'],['Meter']
dJgoTcyrFZ4,3949,https://i.ytimg.com/vi/dJgoTcyrFZ4/default.jpg,ASIAN BOSS,"['Happiness', 'Goggles', 'Sunglasses']","['Photograph', 'Photography', 'Photojournalism', 'Text', 'Image', 'Photo caption', 'Composition', 'Subtitle', 'Fine art', 'Design']"
-e-xXN-tcFU,6961,https://i.ytimg.com/vi/-e-xXN-tcFU/default.jpg,,['Dreadlocks'],"['Maren Morris', 'Girl', 'Dailymotion', 'Singer-songwriter', 'Song', 'Girl', ""Doesn't Matter"", 'Songwriter', 'Julian Bunetta']"
WS7f5xpGYn8,821971,https://i.ytimg.com/vi/WS7f5xpGYn8/default.jpg,DABA,"['Lips', 'Facial expression', 'Blond', 'Wig', 'Eyelash', 'Happiness', 'Film', 'Beehive', 'Costume', 'Bouffant']","['Blond', 'Hair', 'Human hair color', 'Color', 'Gold', 'Guide', 'Word', 'Grammar', 'Katy Perry Witness CD', 'other']"
jziRzx_rejw,8067,https://i.ytimg.com/vi/jziRzx_rejw/default.jpg,,"['Chinese martial arts', 'Ice rink']","['Figure skating', 'Figure skating spins', 'Figure skating jumps', 'Axel jump', 'Ice', 'Speed skating', 'Ice rink', 'Ice dance Mixed', 'Ice skating', 'Rotation']"
hlb3gGNBHFE,7698,https://i.ytimg.com/vi/hlb3gGNBHFE/default.jpg,BUDGY SHUGGLEAS,"['Facial hair', 'Beard', 'Barechestedness', 'Muscle', 'Undergarment', 'Torso', 'Swimsuit', 'Thorax', 'Briefs', 'Abdomen']","['New Zealand', 'Australia', 'Dailymotion', 'Girl', 'Girl', 'Country music', 'create']"
fZYtg2BTWBI,1214,https://i.ytimg.com/vi/fZYtg2BTWBI/default.jpg,S MASSIVE OPENING,"['Advertising', 'Font', 'Poster', 'Fictional character', 'Logo', 'Graphic design', 'Graphics', 'Video Game Software', 'Hero', 'Action']","['Star Wars: The Last Jedi', 'Star Wars: The Force Awakens', 'Luke Skywalker', 'Darth Vader', 'Star Wars: The Last Jedi: Review', 'Star Wars', 'Lucasfilm', ""'Star Wars: The Last Jedi' film"", 'Jedi']"
QgaYsdnOMiM,22783,https://i.ytimg.com/vi/QgaYsdnOMiM/default.jpg,"OK, BUT FIRST GIANT CANDY CANE CAKE!","['Food', 'Advertising', 'Dessert']","['Junk food', 'Baked potato', ""McDonald's Chicken McNuggets"", 'Strudel', 'Snack', 'Dish', 'Toaster Strudel', 'Kamaboko', 'Baking', 'National Junk Food Day']"
4LlQwTgB5Rc,5156,https://i.ytimg.com/vi/4LlQwTgB5Rc/default.jpg,DEMATTHEWS BAND,"['White', 'Sketch', 'Line art']","['NPR', 'Monochrome', 'Musical ensemble', 'Mumford & Sons', 'Antimatter', 'Dave Matthews Band', 'Album', 'Text', 'Lyrics', 'Art']"
jHvSF0njyvc,1853,https://i.ytimg.com/vi/jHvSF0njyvc/default.jpg,NBC NEWS,"['Facial expression', 'Black hair', 'Gesture', 'News', 'Happiness', 'Speech', 'Spokesperson']","['Screenshot', 'Snipping Tool', 'Windows 10', 'Computer', 'Kevin STRATVERT', 'Microsoft Windows', 'Operating System', 'Computer Monitor', 'screenshot']"
8fbyfDbi-MI,44145,https://i.ytimg.com/vi/8fbyfDbi-MI/default.jpg,UT YOURSU MAST,"['White', 'Screenshot']",['Meter']
Y1n8F4uClUU,14873,https://i.ytimg.com/vi/Y1n8F4uClUU/default.jpg,,"['Car', 'Race car', 'Auto racing', 'Race track', 'Motorsport', 'Performance car', 'Endurance racing', 'Traffic collision', 'Racing', 'Sports car racing']","['Supercar', 'Car', 'Nissan GT-R', 'Bentley Motors Limited', 'Tesla', 'Hypercar', 'Audi', 'Rallying', 'Safety car']"
Hi2tjMLVpdQ,137403,https://i.ytimg.com/vi/Hi2tjMLVpdQ/default.jpg,???,"['Happiness', 'Facial hair', 'Beard', 'Graphics']","['Glizzy Gang', 'GoldLink', 'Brent Faiyaz', 'Crew', 'Crew Staffing', 'YouTube', 'Crew', 'closing', 'YouTube']"
r15_6z9xryo,18613,https://i.ytimg.com/vi/r15_6z9xryo/default.jpg,co,"['Air travel', 'Fixed-wing aircraft', 'Aircraft', 'Aviation', 'Airliner', 'Airline', 'Aerospace Engineering', 'Business jet', 'Jet aircraft', 'Aircraft cabin']","['Interior design', 'Design', 'Airplane', 'Boeing 787 Dreamliner', 'Architecture', 'Aircraft', 'Boeing 767', 'Air North', 'Designer']"
0l35jAGQPOI,494130,https://i.ytimg.com/vi/0l35jAGQPOI/default.jpg,,"['Facial hair', 'Beard', 'Headgear', 'Cap', 'Moustache', 'Happiness', 'Selfie', 'Baseball cap', 'Cricket cap', 'Love']","['Marzia Kjellberg', 'YouTube', 'Dailymotion', 'Girl', 'Girl', 'delete', 'Girlfriend']"
YFHHGETsxkE,148854,https://i.ytimg.com/vi/YFHHGETsxkE/default.jpg,"PAPERS, PLEASE",[],"['Greg McLean', 'Darkness', 'The Darkness', 'The Drowns', 'The Darkness', 'Chordify', 'The Police', 'Guitar', 'Album', 'Song']"
-SJywvgaJEI,134267,https://i.ytimg.com/vi/-SJywvgaJEI/default.jpg,,"['Facial hair', 'Jaw', 'Beard', 'Moustache', 'Facial expression', 'Black hair', 'Tooth', 'Happiness', 'Eyelash', 'Selfie']","['Selfie', 'The Chainsmokers', 'Photography', 'Photograph', '#SELFIE', 'Self-portrait', 'Suburgatory', 'Portrait', 'Portrait photography', 'self-portrait photography']"
hivGryRKGvk,11379,https://i.ytimg.com/vi/hivGryRKGvk/default.jpg,HOONIGAN,"['Motor vehicle', 'Automotive Tire', 'Car', 'Automotive Wheel System', 'Hood', 'Tread', 'Fender', 'Machine', 'Kit car', 'Hubcap']","['Concept car', 'Car', 'BMW 328', 'Bayerische Motoren Werke AG', 'Coupe', 'Convertible', 'Vintage car', 'Auto show', 'Electric car', 'Classic car']"
0qpE8IHz3go,34441,https://i.ytimg.com/vi/0qpE8IHz3go/default.jpg,,"['Happiness', 'Facial expression', 'Smile', 'Laughter']","['Animation', 'Cartoon', 'funny', 'animated cartoon', 'Cartoon Network India', 'Television', 'Humor', 'Tom and Jerry', 'YouTube']"
_IuEg3xbDA0,70088,https://i.ytimg.com/vi/_IuEg3xbDA0/default.jpg,,"['Facial hair', 'Beard', 'Buzz cut', 'Rapper', 'Temple Fade', 'Crew cut']","['Hans Memling', 'Art', 'Cincinnati Art Museum', 'Artist', 'Creativity', 'Painting', 'create', 'Masterpiece', 'Artistic inspiration', 'Style']"
ZUSPD9zOyJs,183037,https://i.ytimg.com/vi/ZUSPD9zOyJs/default.jpg,FAM ES,"['Facial hair', 'Facial expression', 'Beard', 'Moustache', 'Happiness', 'Screenshot', 'Collage']","['Television', 'PBS', 'Broadcasting', 'Streaming television', 'TV Guide', 'Idaho Public Television', 'Guardians of the Galaxy', 'TV Network', 'create']"
ZrP0Mqj9U_c,9399,https://i.ytimg.com/vi/ZrP0Mqj9U_c/default.jpg,they breathe from hoses,"['Ocean', 'Poster', 'Swimming', 'Photo caption', 'Underwater']","['Display device', 'Animation', 'Meter', 'Computer Monitor']"
nLXCutcsoKQ,3316,https://i.ytimg.com/vi/nLXCutcsoKQ/default.jpg,ET,"['Facial expression', 'Blond', 'Gesture', 'Necklace', 'Feathered hair', 'Portrait photography', 'Curtained hair', 'Throat']","['Roseanne', 'Girl', 'Dailymotion', 'American Broadcasting Company', 'Country music', 'Getty Images']"
D7sj7L1uLiw,112597,https://i.ytimg.com/vi/D7sj7L1uLiw/default.jpg,,"['Land vehicle', 'Car', 'Vehicle', 'Motor vehicle', 'Tire', 'Wheel', 'Automotive Exterior', 'Automotive Tire', 'Bumper', 'Car door']","['Lamborghini LM002', 'Pickup truck', 'Lamborghini', 'Car', 'SUV', 'Off-road vehicle', 'Lamborghini Countach', 'Hummer', 'Supercar']"
hFay0SVFxVI,7176,https://i.ytimg.com/vi/hFay0SVFxVI/default.jpg,,['Night'],"['The Darkness', 'Darkness', 'The Police', 'Album', 'Rock and Roll Deserves to Die', 'Easter Is Cancelled', 'Spotify', 'Song', 'The Darkness', 'Greg McLean']"
QCjk_NPsIqU,165177,https://i.ytimg.com/vi/QCjk_NPsIqU/default.jpg,TRUMP THE WORLD,"['News', 'Suit', 'Television presenter', 'Necktie', 'White-collar worker', 'Coat', 'Blazer', 'Television show', 'Official', 'Businessperson']","['Ron Perlman', 'Gentleman', 'The Gentlemen', 'Gentleman', 'Mind of a Genius', 'Will Jay', 'kinocheck.com', 'Film producer', 'Trailer']"
B4mK5OElAFQ,16218,https://i.ytimg.com/vi/B4mK5OElAFQ/default.jpg,FAKE ANIME?? ACTION!,"['Gesture', 'Photo caption', 'Animated cartoon', 'Animation']","['Television', 'Cable television', 'Flat-panel display', 'Animation', 'Display device']"
s1APv5uO2VU,16466,https://i.ytimg.com/vi/s1APv5uO2VU/default.jpg,,"['Facial expression', 'Happiness', 'Screenshot']","['Maren Morris', 'Dailymotion', 'Girl', 'Girl', 'Girl', 'Filmmaking', 'Country music', 'YouTube']"
wbxblKFtGCg,24994,https://i.ytimg.com/vi/wbxblKFtGCg/default.jpg,,"['Chordophone', 'Musical instrument', 'String instrument', 'Guitar', 'Plucked string instrument', 'Guitarist', 'Folk instrument']","['Screenshot', 'Snipping Tool', 'Windows 10', 'Computer', 'LEILA. GHARANI', 'screenshot', 'Microsoft Windows', 'Operating System', 'Computer Monitor']"
YI3tsmFsrOg,237721,https://i.ytimg.com/vi/YI3tsmFsrOg/default.jpg,BACTERIOPHAGE,"['Graphic design', 'Graphics', 'Night', 'Animation', 'Science', 'Star', 'Screenshot']","['Fly', 'Light', 'Termite', 'Pterygota', 'Alate', 'Window', 'Firefly', 'Street light', 'Light pollution', 'Lightwell']"
tdfFoSC8_7k,7924,https://i.ytimg.com/vi/tdfFoSC8_7k/default.jpg,UNTANGLING THE DEVIL'S CORKSCREW www,"['Photo caption', 'Screenshot']",['Meter']
lcpxLXjYAa8,1667,https://i.ytimg.com/vi/lcpxLXjYAa8/default.jpg,GOP TAX PLAN abc NEWS,"['Map', 'News', 'Screenshot', 'Website']","['Screenshot', 'Meter']"
dJCKavW22PM,10282,https://i.ytimg.com/vi/dJCKavW22PM/default.jpg,Travele,"['Jheri curl', 'Afro', 'Happiness', 'Advertising', 'Hair care', 'Ringlet', 'Screenshot', 'S-Curl']","['Hamid Masoumi Nejad', 'Italy', 'Iran', 'People', 'Iranian peoples', 'unavailable', 'Italian', 'Italian people']"
pFc6I0rgmgY,35685,https://i.ytimg.com/vi/pFc6I0rgmgY/default.jpg,,"['Facial hair', 'Moustache', 'Beard', 'Turban', 'Afro', 'Film', 'Guru']","['John David Washington', 'Ron Stallworth', 'BlacKkKlansman', 'BlacKkKlansman: Review', 'Ku Klux Klan', 'Colorado Springs Police Department', 'Adam Driver', 'Spike Lee', 'Topher Grace', 'Corey Hawkins']"
sTVQDJyanco,9086,https://i.ytimg.com/vi/sTVQDJyanco/default.jpg,,"['Facial expression', 'Astronaut']","['STS-115', 'International Space Station', 'Expedition 13', 'Astronaut', 'Extravehicular activity', 'Spaceflight', 'NASA', 'Outer space', 'Mission Specialist']"
VhexfxLPgTE,10201,https://i.ytimg.com/vi/VhexfxLPgTE/default.jpg,,"['Football player', 'Fan']","['The Sound of the Crowd', 'The Human League', 'Crowd', 'Dare / Fascination!', 'Dare', 'Universal Music Group', 'Album', 'Universal Music Group', 'Crowd of Chairs']"
vm3_34a5D_s,10181,https://i.ytimg.com/vi/vm3_34a5D_s/default.jpg,,"['Chordophone', 'Guitarist', 'Guitar', 'Musician', 'Musical instrument', 'Entertainment', 'Performing Arts', 'Plucked string instrument', 'String instrument', 'Performance']",[]
9yWnVxe1qp8,1077,https://i.ytimg.com/vi/9yWnVxe1qp8/default.jpg,,"['Polar bear', 'Bear', 'Carnivores', 'Terrestrial animal', 'Arctic', 'Ice cap', 'Polar ice cap', 'Tundra']","['Polar bear', 'Earless seals', 'Fur seal', 'Apex predator', 'Arctic Kingdom', 'Guide', 'Wildlife', 'Carnivore', 'Bears', 'Bears']"
0QDjTwsEeE0,10328,https://i.ytimg.com/vi/0QDjTwsEeE0/default.jpg,REVERSED ORIGINAL SONG SONG,"['Facial hair', 'Beard', 'Facial expression', 'Happiness', 'Moustache', 'Bow tie', 'Laughter']",['Meter']
JBZTZZAcFTw,2265,https://i.ytimg.com/vi/JBZTZZAcFTw/default.jpg,"54,800 NYC SWEET DIGS","['Sitting', 'Thigh', 'Furniture', 'Comfort', 'Foot', 'Model']","['Daylighting', 'Screenshot', 'Meter']"
ZWllUdFLzXU,1253,https://i.ytimg.com/vi/ZWllUdFLzXU/default.jpg,INSIDE THE LOCKER ROOM AT PITTSBURGH,"['Sports venue', 'Fan', 'Advertising', 'Banner', 'Football--Equipment and supplies']",['Meter']
RBpLVXNN6i0,9109,https://i.ytimg.com/vi/RBpLVXNN6i0/default.jpg,ORIGINAL SONG,[],['Meter']
KyQyz2upSgY,100780,https://i.ytimg.com/vi/KyQyz2upSgY/default.jpg,Supreme,"['Food', 'Junk food', 'Finger food']","['Cartoon', 'create', 'Spreadshirt', 'Cartoon Network', ""Weekend at Benson's"", 'Image', 'just', 'Episode', 'Fashion', 'r/malefashionadvice']"
eT4shwU4Yc4,67442,https://i.ytimg.com/vi/eT4shwU4Yc4/default.jpg,IT'S NOT A MOON A BAD LIP READING LYRIC VIDEO,"['Astronomical object', 'Outer space', 'Astronomy', 'Universe', 'Publication', 'Poster', 'Planet', 'Book cover', 'Book', 'Moon']",['Meter']
N7HFXgyTya0,65429,https://i.ytimg.com/vi/N7HFXgyTya0/default.jpg,SERVICE DINOSAUR,"['Facial expression', 'Smile', 'Logo', 'Advertising', 'Happiness']","['Maren Morris', 'Dailymotion', 'Girl', 'Jurassic Park', 'Girl', 'This Girl', 'Country music', 'Girl']"
Hu5FZYlCfc8,20027,https://i.ytimg.com/vi/Hu5FZYlCfc8/default.jpg,SPRING BREAK.,"['Eyewear', 'Glasses', 'Vision Care', 'Sunglasses', 'Goggles', 'Summer', 'Leisure', 'Vacation', 'Happiness', 'Sun tanning']","['Barechestedness', 'Meter']"
CXK3OiDgymo,26235,https://i.ytimg.com/vi/CXK3OiDgymo/default.jpg,,"['Lips', 'Happiness', 'Facial expression', 'Smile', 'Tooth', 'Laughter', 'Fun', 'Party', 'Film', 'Rejoicing']","['Maren Morris', 'Dailymotion', 'Girl', 'Girl', 'Country music', 'Filmmaking', 'Song', 'Curzon']"
iatq3Rn4vsg,8207,https://i.ytimg.com/vi/iatq3Rn4vsg/default.jpg,HOLDING A BABY,"['Head', 'Face', 'Nose', 'Hand', 'Finger', 'Child', 'Facial expression', 'Happiness', 'Baby & Toddler Clothing', 'Infant']",[]
M4ZoCHID9GI,778725,https://i.ytimg.com/vi/M4ZoCHID9GI/default.jpg,vevo,['Night'],"['The Weeknd', 'Horror anthology', 'Wolf Creek', 'disturbing', 'future', 'unclear', 'famous', 'last', 'My Dear Melancholy,', 'Music video']"
5PR3Hn6cQ60,36403,https://i.ytimg.com/vi/5PR3Hn6cQ60/default.jpg,SEPHORA CLEARANCE,"['Personal care', 'Advertising', 'Cosmetics', 'Nail', 'Makeover', 'Mobile phone', 'Customer', 'Lipstick', 'Gadget']",[]
PfZHU8ZT-Uo,1349,https://i.ytimg.com/vi/PfZHU8ZT-Uo/default.jpg,Passion & History,"['Artisan', 'Metalworking hand tool', 'Tool']",['Meter']
J0epg1oHGbM,229059,https://i.ytimg.com/vi/J0epg1oHGbM/default.jpg,,"['Sleeve', 'Collar', 'Dress shirt', 'Denim', 'Design']",[]
T9KTTP7jrBo,8154,https://i.ytimg.com/vi/T9KTTP7jrBo/default.jpg,vevo,"['Entertainment', 'Performing Arts', 'Event', 'Performance', 'Music venue', 'Public event', 'Musical ensemble', 'Rock concert', 'Pop music', 'Song']","['Chordify', 'Little Big Town', 'The Darkness', 'Wine, Beer, Whiskey', 'Darkness', 'Amazon Music', 'Disturbed', 'Music video', 'Friday Night', 'Boondocks']"
VQdKe6_3PAU,5008,https://i.ytimg.com/vi/VQdKe6_3PAU/default.jpg,,"['Facial expression', 'Cartoon', 'Fictional character', 'Happiness', 'Animation', 'Animated cartoon', 'Fiction', 'Comics', 'Video Game Software', 'Graphics']","['Cartoon', 'Comics', 'Animation', 'animated cartoon']"
5wVnr3cahQg,3235,https://i.ytimg.com/vi/5wVnr3cahQg/default.jpg,HOLIDAY GIFT GUIDE,['Pink'],"['Blond', 'Meter']"
MDIQBfdmusY,6191,https://i.ytimg.com/vi/MDIQBfdmusY/default.jpg,,"['Sleeveless shirt', 'Player', 'Sports Uniform', 'Basketball player', 'Jersey', 'Sportswear', 'Sports', 'Basketball', 'Championship', 'Sports Fan Jersey']","['The Dancer', 'Dancer', 'Hiplet', 'Meritorio Records', 'Private Dancer', 'Tina Turner', 'Lily-Rose Depp', 'POOLCLVB', 'Breez Carver', 'Stéphanie Di Giusto']"
BHloD113J54,5789,https://i.ytimg.com/vi/BHloD113J54/default.jpg,YOUNG KING,"['Entertainment', 'Rapper', 'Film']","['Bentley Motors Limited', 'Rolls-Royce', 'Batman', 'Spider-Man', 'Automobiles Alpine', 'Bentley', 'Meter']"
G2JLc63P7pw,2062,https://i.ytimg.com/vi/G2JLc63P7pw/default.jpg,,"['Aerospace Engineering', 'Silver', 'Aircraft', 'Design', 'Aerospace manufacturer', 'Concept car', 'Aviation', 'Science', 'Aluminium', 'Jet aircraft']","['Formula 1', 'Mercedes AMG Petronas F1 Team', 'Formula One car', 'Boeing Co', 'Boeing X-45', 'Design', 'Aerospace', 'McDonnell Douglas', 'Engineering']"
b8GGWHGkx3Y,14771,https://i.ytimg.com/vi/b8GGWHGkx3Y/default.jpg,PUPPY SURPRISE,"['Dog', 'Carnivores', 'Puppy', 'Toy dog', 'Water dog', 'Poodle', 'Snout', 'Canidae', 'Poodle crossbreed', 'Labradoodle']","['Lion', 'Cheetah', 'Nat Geo Wild', 'Serengeti', 'MerchNow', 'National Geographic', 'Magotho Camp (Khwai Development Trust)', 'YouTube', 'strong']"
JfQ3W0wjGh4,37541,https://i.ytimg.com/vi/JfQ3W0wjGh4/default.jpg,HUSTLED,"['Facial expression', 'Animation', 'Graphics', 'Happiness', 'Graphic design', 'Animated cartoon']","['Cartoon', 'Meter']"
MMGrzOu1amQ,93297,https://i.ytimg.com/vi/MMGrzOu1amQ/default.jpg,HOLO CAPPUCCINO,[],"['Cartoon', 'Animation', 'animated cartoon', 'Meter']"
4HX6R88QZB0,32499,https://i.ytimg.com/vi/4HX6R88QZB0/default.jpg,,"['Electronic device', 'Gadget', 'Communication Device', 'Mobile phone', 'Display device', 'Portable communications device', 'Telephony', 'Mobile device', 'Electronics', 'Technology']","['Smartphone', 'Mobile Phone', 'Andrew Lanxon', 'Mobile device', 'Feature phone', 'Samsung Galaxy Z Fold 7', 'BlackBerry Ltd', 'Telephone', 'Telephone call']"
prmQgSpV3fA,66687,https://i.ytimg.com/vi/prmQgSpV3fA/default.jpg,97 IRO BLACK THOUGHT,"['Eyewear', 'Hat', 'Vision Care', 'Facial hair', 'Sun hat', 'Beard', 'Moustache', 'Sunglasses', 'Cap', 'Fedora']","['Black Thought', 'Freestyle music', 'Musician', 'Freestyle rap', 'Fedora', 'Artist']"
GsexKH-Ubnw,14856,https://i.ytimg.com/vi/GsexKH-Ubnw/default.jpg,,"['Event', 'Ceremony', 'Dress', 'Marriage', 'Bridal Clothing', 'Wedding dress', 'Happiness', 'Formal wear', 'Bride', 'Gown']","['Wedding reception', 'Wedding', 'Bride', 'Bridegroom', 'Party', 'Ceremony', 'create', 'Cake', 'just', 'Formal wear']"
nqP1x8VxrTU,69074,https://i.ytimg.com/vi/nqP1x8VxrTU/default.jpg,,"['Undergarment', 'Thigh', 'Bikini', 'Swimsuit', 'Lingerie', 'Swimsuit Top', 'Lingerie Top', 'Briefs', 'Active Undergarment', 'Swimsuit Bottom']","['Horse', 'Stallion', 'Stallion', 'Mare', 'Basenji', 'Album', 'Slaves of Time', 'Brain Dead', 'Rise and Ride', 'Waking the Demons']"
A9QDgSTVhyM,23216,https://i.ytimg.com/vi/A9QDgSTVhyM/default.jpg,BRAVE BABIES,"['Facial hair', 'Beard', 'Moustache', 'Child']",['Meter']
V4kfrZSejVc,11605,https://i.ytimg.com/vi/V4kfrZSejVc/default.jpg,Dad?,"['Electronic device', 'Laptop', 'Cat', 'Computer', 'Felidae', 'Personal computer', 'Display device', 'Felinae', 'Office Equipment', 'Carnivores']","['Netbook', 'Laptop', 'Computer', 'Ultrabook', 'Intel', 'Tablet', 'Personal computer', '2-in-1 laptop', 'One-Netbook']"
BPmAxzEJpWA,37501,https://i.ytimg.com/vi/BPmAxzEJpWA/default.jpg,ONE MORE 680 1 DAY vevo,['Advertising'],"['Poster', 'Hip-hop culture', 'Christian hip-hop', 'Snoop Dogg', 'Charlie Wilson']"
w8AJBlmLMZM,73981,https://i.ytimg.com/vi/w8AJBlmLMZM/default.jpg,,"['Fictional character', 'Animated cartoon', 'Animation', 'Hero', 'Anime', 'Cartoon', 'CG artwork', 'Video Game Software', 'Game', 'Fiction']","['Cartoon', 'Regular Show', 'Cartoon Network', 'Animation', 'Cartoon Cartoons', 'Tom and Jerry', 'Cartoon Network India', 'Humor', 'Episode', ""Weekend at Benson's""]"
mlJGtSg5oRw,57186,https://i.ytimg.com/vi/mlJGtSg5oRw/default.jpg,,"['Carbon fibers', 'Aircraft']","['Sitting', 'Health', 'Posture', 'Human body', 'Ergonomics', 'available', 'unavailable', 'Guide', 'important', 'contented']"
9qlF_9PNhJs,19268,https://i.ytimg.com/vi/9qlF_9PNhJs/default.jpg,,"['White', 'Jaw', 'Finger', 'Facial expression', 'Line art', 'Happiness', 'Elbow', 'Cartoon', 'Drawing', 'Gesture']","['Cartoon', 'Tom and Jerry', 'Cartoon Network', 'Animation', 'Episode', 'animated cartoon', 'Cartoon Network India', 'Illustration', 'Humor', 'Line art']"
FEjZiCPuvqQ,1955,https://i.ytimg.com/vi/FEjZiCPuvqQ/default.jpg,,"['Cat', 'Felidae', 'Carnivores', 'Felinae', 'Terrestrial animal', 'Whiskers', 'Fur', 'Panthera', 'Lynxes', 'Bengal cat']","['Ocelot', 'Cougar', 'Jaguar', 'Opossum', 'Coyote', 'Chausie', 'Dobermann', 'Cheetah', 'Canis Panther', 'Guide']"
Cp6j-izXLtE,20353,https://i.ytimg.com/vi/Cp6j-izXLtE/default.jpg,DO THEY KNOW,"['Facial expression', 'Smile', 'Happiness', 'Facial hair', 'Beard', 'Moustache', 'Advertising', 'Beanie', 'Sunglasses', 'Laughter']","['light-hearted', 'Fun', 'Austin Fun For Kids', 'equal', '2124', 'create', '45886', 'YouTube', 'strange']"
4JGWxG-vE24,37270,https://i.ytimg.com/vi/4JGWxG-vE24/default.jpg,THIS YEAR WAS,"['Facial hair', 'Beard', 'Graphics', 'Flesh', 'Moustache', 'Advertising', 'Graphic design']","['Animation', 'Cartoon', 'Pixar', 'Animator', 'Animated film', 'Live action', 'Anime', 'Illustration', 'Cel']"
voG07pt-KYI,627978,https://i.ytimg.com/vi/voG07pt-KYI/default.jpg,vevo,"['Facial expression', 'Facial hair', 'Moustache', 'Photo caption']","['Zayn', 'Screenshot', 'Snipping Tool', ""Zayn: It's You"", 'Windows 10', 'Computer Monitor', 'Computer', 'screenshot', 'Shift key']"
-kTWIm7m4Uw,333808,https://i.ytimg.com/vi/-kTWIm7m4Uw/default.jpg,,"['Facial hair', 'Beard', 'Happiness', 'Moustache', 'Camera', 'Cameras & optics', 'Love', 'Selfie', 'Lens', 'Romance']","['Keyshia Cole', 'Keyshia Cole: Love (Alt. Version)', 'Dailymotion', 'Music video', 'Love', 'Love song', 'Trailer', 'Surprising', 'Dailymotion']"
2Vm27xL57O0,67,https://i.ytimg.com/vi/2Vm27xL57O0/default.jpg,,[],"['Circle', 'Mathematics', 'Constant', 'Shape', 'Circle Communities', 'Website', 'Design', 'Web Designer', 'Website Builder', 'Dimension']"
nAsrsMPftOI,17895,https://i.ytimg.com/vi/nAsrsMPftOI/default.jpg,it's a terrible cup of tea,"['Drinkware', 'Cup', 'Serveware', 'Coffee cup', 'Cup', 'Advertising', 'Mug', 'Drinking', 'Tea', 'Teacup']","['Cody Lyon', 'Animation', 'Inside Out 2', 'Traditional animation', 'Animated film', 'Animator', 'Illustration', 'Cel', 'Live action', 'Image']"
8bn9OBHoO0k,242,https://i.ytimg.com/vi/8bn9OBHoO0k/default.jpg,Everlasting Soul,"['Entertainment', 'Performing Arts', 'Performance', 'Song', 'Singing', 'Public event', 'Pop music', 'Display device', 'Speech', 'Talent show']","['Dennis Edwards', 'The Temptations', 'I Can’t Get Next to You', 'Song', 'Singeo', 'Sing', ""I Can't Get Next to You"", 'YouTube', 'YouTube']"
9SCNLl0MQPM,17007,https://i.ytimg.com/vi/9SCNLl0MQPM/default.jpg,,"['Electronic device', 'Gadget', 'Fruit', 'Display device', 'Communication Device', 'Produce', 'Portable communications device', 'Technology', 'Mobile phone', 'Telephony']","['Smartphone', 'Feature phone', 'Mobile Phone', 'Logo', 'Text messaging', 'Meter']"
VlZ1SWLBfPE,81564,https://i.ytimg.com/vi/VlZ1SWLBfPE/default.jpg,REFINERY29,"['Black hair', 'Tribe', 'Film']","['Maren Morris', 'Dailymotion', 'Girl', 'Girl', 'Girl', 'Country music', 'Song', 'Amazon Prime Video']"
f1xIeTCgoFk,151858,https://i.ytimg.com/vi/f1xIeTCgoFk/default.jpg,,"['Performing Arts', 'Entertainment', 'Performance', 'Pop music', 'Singing', 'Song', 'Stage', 'Talent show']","['7 Stages Theatre', 'Live', 'Stages Theatre Company', 'Stage', 'Throwing Copper', 'Theatre', 'Concert', 'Theater', 'Gin Blossoms']"
xtR7m-Fl-F0,28362,https://i.ytimg.com/vi/xtR7m-Fl-F0/default.jpg,WENT TO A BUTLER CAFE,"['Eyewear', 'White-collar worker', 'Happiness']","['Photograph', 'Photography', 'Photojournalism', 'Text', 'Image', 'Photo caption', 'Composition', 'Subtitle', 'Design', 'Fine art']"
20DPgRoyQn0,111853,https://i.ytimg.com/vi/20DPgRoyQn0/default.jpg,,['Environmental art'],['Tree']
0TNVthqZ3uc,76157,https://i.ytimg.com/vi/0TNVthqZ3uc/default.jpg,,"['Hat', 'Cap', 'Rapper', 'Baseball cap', 'Photo caption', 'Screenshot', 'Security']","['Kajukenbo', 'Martial Art', 'Hybrid martial arts', 'Karate', 'Kenpō', 'Judo', 'Jujutsu', 'Mixed martial arts', 'Sensei']"
R10qTLfwm8E,158125,https://i.ytimg.com/vi/R10qTLfwm8E/default.jpg,CHRISTINA AGUILERA,"['Lips', 'Facial expression', 'Tooth', 'Happiness', 'Eyelash', 'Blond', 'Smile', 'Singing', 'Long hair', 'Song']","['Maren Morris', 'Dailymotion', 'Girl', 'Girl', 'Country music', 'Girl', 'Album', 'create']"
pvg2cw5oshg,3598,https://i.ytimg.com/vi/pvg2cw5oshg/default.jpg,vevo LUKE BRYAN HOOKED ON IT,"['Facial hair', 'Beard', 'Moustache', 'Plaid', 'Film']","['Luke Bryan', 'Album cover', 'Album', 'Cover art', 'Studio album', 'Phonograph record', 'Artist', 'Cry Pretty', 'Out Of Nowhere Girl', 'Hooked on It']"
20bpjtCbCz0,326373,https://i.ytimg.com/vi/20bpjtCbCz0/default.jpg,READPOOLE FINAL TRAILER,"['Fictional character', 'Superhero', 'Hero', 'Action', 'Game', 'Film', 'Animation', 'Fiction', 'Deadpool', 'PC game']","['Deadpool', '20th Century Studios', 'Superhero', 'Marvel Comics', 'Deadpool 2', 'Deadpool', 'X-Men Origins: Wolverine', 'Ryan Reynolds']"
HbNYuOTaYFs,12282,https://i.ytimg.com/vi/HbNYuOTaYFs/default.jpg,[D2D],"['Tea', 'Coffee', 'Display device']","['Starbucks', 'Mug', 'Sold', 'Starbucks', 'Ember Mug 2', 'Ember', 'Starbucks', 'Dave2D', 'hot']"
6J-D86wfxiE,7691,https://i.ytimg.com/vi/6J-D86wfxiE/default.jpg,m xm CHADWICK BOSEMAN,"['Audio equipment', 'Microphone', 'Electronic device', 'Speech', 'Entertainment', 'Public address system', 'Spokesperson', 'Song', 'Facial hair', 'Singing']","['Chadwick Boseman', 'Black Panther', 'Actor', 'Singeo', 'Erik Killmonger', 'Colorectal cancer', 'Song', 'YouTube', 'Habits (Stay High)']"
qv9Gt38LOKQ,25676,https://i.ytimg.com/vi/qv9Gt38LOKQ/default.jpg,OnePlus 5T,"['Electronic device', 'Gadget', 'Mobile phone', 'Communication Device', 'Portable communications device', 'Display device', 'Telephony', 'Mobile device', 'Technology', 'Smartphone']",['Meter']
1J76wN0TPI4,768893,https://i.ytimg.com/vi/1J76wN0TPI4/default.jpg,HD 17 SANJU,"['Happiness', 'Advertising']","['Rajkumar Hirani', 'Sanju', 'Mass media', 'New media', 'Media studies', 'Media literacy', 'Old media', 'Communication', 'Guide', 'Image']"
-NEhvlJA5q8,1237,https://i.ytimg.com/vi/-NEhvlJA5q8/default.jpg,MSNBC,"['News', 'Traffic collision', 'Soil', 'Dirt road', 'Truck']","['Nature', 'Disaster']"
6SuMbFuKDf8,354941,https://i.ytimg.com/vi/6SuMbFuKDf8/default.jpg,vevo,"['Orange', 'Performing Arts', 'Silhouette']","['Stage', 'Theatre', 'Backstreet Boys', 'Live', '7 Stages Theatre', 'Musician', 'Throwing Copper', 'Musical theatre', 'Musical ensemble']"
n-H6zIeMiUs,18826,https://i.ytimg.com/vi/n-H6zIeMiUs/default.jpg,,[],"['/m/02j71', 'Earth', 'Universe']"
X9Qh8vsSE-c,89823,https://i.ytimg.com/vi/X9Qh8vsSE-c/default.jpg,,"['Facial expression', 'Happiness', 'Recreation', 'Leisure', 'Fun', 'Child', 'Swimming', 'Bathing', 'Swimming pool']","['Art', 'Cincinnati Art Museum', 'Hans Memling', 'Artist', 'Creativity', 'Painting', 'Masterpiece', 'Artistic inspiration', 'create', 'Style']"
rhhQS3ns6HU,709257,https://i.ytimg.com/vi/rhhQS3ns6HU/default.jpg,,"['People', 'Head', 'Happiness', 'Smile', 'Face', 'Nose', 'Mouth', 'Eye', 'Facial expression', 'Child']","['Friendship', 'Family', 'create', 'Father', 'Pregnancy', 'practical', 'Infant', 'unclear']"
Bzji05zubSc,4000,https://i.ytimg.com/vi/Bzji05zubSc/default.jpg,MISS INMERSE,"['Font', 'Night', 'Midnight', 'Graphics', 'Graphic design', 'Science']","['Screenshot', 'Meter']"
og3aFSeEm94,55915,https://i.ytimg.com/vi/og3aFSeEm94/default.jpg,,"['People in nature', 'Denim', 'Leisure', 'Happiness', 'Winter', 'Pebble', 'Rubble', 'Gravel']","['Gallant', 'Gentleman', 'The Gentlemen', 'Mind of a Genius', 'Gentleman', 'Gentleman', 'Will Jay', 'kinocheck.com', 'Trailer', 'YouTube']"
4_aR3HqFrr0,5551,https://i.ytimg.com/vi/4_aR3HqFrr0/default.jpg,TOTA Bellas,"['Lips', 'Beauty', 'Eyelash', 'Long hair', 'Film', 'Throat', 'News', 'Makeover']",['Meter']
3j4ay18xokg,5036,https://i.ytimg.com/vi/3j4ay18xokg/default.jpg,,"['Speech', 'Government', 'Gesture', 'Flag of the United States', 'White-collar worker', 'Necktie', 'Official', 'Debate', 'Speaker', 'Spokesperson']","['Speech', 'Pronunciation', 'Grammar', 'Cambridge Dictionary', 'United States', 'YouGlish', 'Phone', 'Dictionary', 'Speech–language pathology', 'Word']"
eZQdQ5pV6EE,26033,https://i.ytimg.com/vi/eZQdQ5pV6EE/default.jpg,,"['Jacket', 'Outerwear', 'Beard', 'Facial hair', 'Smile', 'Happiness', 'Thumb', 'Sunglasses', 'Winter', 'Goggles']","['light-hearted', 'Austin Fun For Kids', 'equal', '2124', 'create', '45886', 'Fun', 'Episode', 'YouTube']"
JJgiKhhpGvQ,3128,https://i.ytimg.com/vi/JJgiKhhpGvQ/default.jpg,,"['Formal wear', 'Event', 'Suit', 'Coat', 'White-collar worker', 'Speech', 'Necktie', 'Blazer', 'Gesture', 'Entertainment']","['other', 'Definition', 'Dictionary', 'Context', 'available', 'contented', 'continual', 'easy', 'Audience', 'Entertainment']"
ToQloh3us1E,44654,https://i.ytimg.com/vi/ToQloh3us1E/default.jpg,EVERY IBLANKI EVER HOTEL,"['Display device', 'Television show', 'Multimedia', 'Flat-panel display']","['Animation', 'Cartoon', 'funny', 'animated cartoon', 'Cartoon Network India', 'Humor', 'Tom and Jerry', 'YouTube', 'Animated film']"
oCAbvclXL6I,9228,https://i.ytimg.com/vi/oCAbvclXL6I/default.jpg,,"['Eyebrow', 'Lips', 'Hairstyle', 'Facial expression', 'Eyelash', 'Blond', 'Long hair', 'Smile', 'Layered hair', 'Makeover']",['Blond']
iWeNDPTYAZw,32282,https://i.ytimg.com/vi/iWeNDPTYAZw/default.jpg,,"['Underwater', 'Marine biology', 'Diving equipment', 'Diving regulator', 'Underwater diving']","['Visual Arts', 'Art']"
QNNcl2mEHzQ,11145,https://i.ytimg.com/vi/QNNcl2mEHzQ/default.jpg,NETFLIX OFFICIAL TRAILER,"['Facial expression', 'White-collar worker', 'Film', 'Advertising', 'Publication', 'Photo caption', 'Screenshot']","['Trailer', 'Text']"
NBSAQenU2Bk,25044,https://i.ytimg.com/vi/NBSAQenU2Bk/default.jpg,P,"['Animation', 'Graphics', 'Fictional character', 'Animated cartoon']","['Cartoon', 'Tom and Jerry', 'Animation', 'Cartoon Network', 'Cartoon Network India', 'Humor', 'Episode', ""Weekend at Benson's"", 'Illustration', 'Relax Bear']"
sJzWZ1yXpek,5439,https://i.ytimg.com/vi/sJzWZ1yXpek/default.jpg,,"['Orange', 'Plastic', 'Pipe']","['Tree', 'Garden', 'From the Woods Today', 'TreePeople', 'create', 'mature', 'Fence', 'Plant life-form', 'Plant', 'YouTube']"
T3-BzlYEhQA,10777,https://i.ytimg.com/vi/T3-BzlYEhQA/default.jpg,,"['Stadium', 'Sports venue', 'Arena', 'Dome', 'Night']","['The Darkness', 'Darkness', 'Album', 'Spotify Camp Nou', 'The Police', 'Lyrics', 'Song', 'Rock and Roll Deserves to Die', 'Easter Is Cancelled', 'Rock Escalofriante Para Escuchar Este Halloween']"
kOCkne-Bku4,19838,https://i.ytimg.com/vi/kOCkne-Bku4/default.jpg,,"['Road trip', 'Highway']","['Lauv', 'Gentleman', 'Paris In The Rain', 'Chordify', 'The Gentlemen', 'Mind of a Genius', 'Gentleman', 'kinocheck.com', 'Will Jay', 'Guitar']"
tJv-xtxKkQY,193234,https://i.ytimg.com/vi/tJv-xtxKkQY/default.jpg,,['Orange'],"['Call of Duty: Black Ops 4', 'The Darkness', 'Darkness', 'The Drowns', 'Album', 'Rock and Roll Deserves to Die', 'Spotify', 'Darkness', 'The Police', 'Easter Is Cancelled']"
zwEn-ambXLw,8478,https://i.ytimg.com/vi/zwEn-ambXLw/default.jpg,,"['Facial hair', 'Muscle', 'Love', 'Beard', 'Thorax', 'Tattoo', 'Barechestedness', 'Happiness', 'Romance', 'Throat']",['Barechestedness']
3UoKswz6OQc,5563,https://i.ytimg.com/vi/3UoKswz6OQc/default.jpg,WALKING DEAD amc,"['Facial hair', 'Facial expression', 'Tooth', 'Beard', 'Moustache', 'Film', 'Photo caption']","['The Walking Dead', 'Negan', 'Rick Grimes', 'Daryl Dixon', 'AMC', 'Spotify', 'The Walking Dead - Season 7', 'The Walking Dead - Season 2', 'Last Day on Earth']"
Nl6YEW1s7x8,9945,https://i.ytimg.com/vi/Nl6YEW1s7x8/default.jpg,vevo,"['White', 'Winter', 'Snowman', 'Snow', 'Precipitation', 'Freezing']","['Snowman', 'Snowman', 'Everyday Is Christmas', 'Film director', 'Song', 'YouTube', 'Lyrics', 'Trailer', 'official']"
fOhB5JyEkOQ,41667,https://i.ytimg.com/vi/fOhB5JyEkOQ/default.jpg,,"['Happiness', 'Yoda', 'Fictional character']","['Maren Morris', 'Beck', 'Country music', 'Dailymotion', 'Girl', 'future', 'Girl', 'Girl']"
t4pRQ0jn23Q,116260,https://i.ytimg.com/vi/t4pRQ0jn23Q/default.jpg,,"['Sneakers', 'Walking Shoe', 'Skate shoe', 'Calf']","['Selfie', 'The Chainsmokers', 'Photography', 'Photograph', 'Self-portrait', 'Suburgatory', '#SELFIE', 'Portrait', 'Portrait photography', 'Music video']"
bWL_MVbpGT0,29835,https://i.ytimg.com/vi/bWL_MVbpGT0/default.jpg,4 PRODUCERS 1 SAMPLE,[],['Meter']
MpaHR-V_R-o,45166,https://i.ytimg.com/vi/MpaHR-V_R-o/default.jpg,,"['Animation', 'Animated cartoon']","['Cartoon', 'Cartoon Network', 'Nickelodeon', 'Television', 'Image', 'Cartoon Cartoons', 'future', 'Animation', 'Tom and Jerry', 'Episode']"
li5fmOV33hE,482,https://i.ytimg.com/vi/li5fmOV33hE/default.jpg,FOX,"['Dog', 'Carnivores', 'Conformation show', 'Animal sports', 'Dog sports', 'Canidae', 'Toy dog', 'Kennel club', 'Suit trousers', 'Obedience training']","['Salinas Rodeo', 'Bull riding', 'Professional Bull Riders', 'Rodeo', 'Cowboy', 'famous', 'Golden 1 Center', 'Bull', 'create', 'Equestrian']"
iBy6XRHPODQ,16364,https://i.ytimg.com/vi/iBy6XRHPODQ/default.jpg,"""THAT'S WHAT YOU GET FROM A RACING DRIVER!","['Facial hair', 'Beard', 'Sports car', 'Driving', 'Performance car', 'Moustache', 'Motorsport']","['Lamborghini', 'Lamborghini Aventador', 'Car', 'Sports car', 'Lamborghini Huracan', 'Lamborghini Temerario', 'Lamborghini Fenomeno', 'Supercar', 'Lamborghini Revuelto']"
VlOq_4lmpzE,21123,https://i.ytimg.com/vi/VlOq_4lmpzE/default.jpg,allure,"['Eyebrow', 'Lips', 'Eyelash', 'Facial expression', 'Eye shadow', 'Makeover', 'Pink', 'Tooth', 'Mascara', 'Lipstick']","['Beck', 'Maren Morris', 'Girl', 'Girl', 'Country music', 'Album', 'Dailymotion', 'Song']"
fi483E-A8P4,21869,https://i.ytimg.com/vi/fi483E-A8P4/default.jpg,CUPID -,"['Happiness', 'Smile', 'Facial expression', 'Tooth', 'Love', 'Advertising', 'Laughter', 'Family', 'Selfie', 'Holiday']","['Maren Morris', 'Beck', 'Girl', 'Country music', 'Girl', 'Dailymotion', 'Girl', 'Album']"
czBa9nbvGNA,12110,https://i.ytimg.com/vi/czBa9nbvGNA/default.jpg,CHARADES Gal Gadot & Potty Jenkins,"['Entertainment', 'Performing Arts', 'Speech', 'Performance', 'Curtain', 'Television show', 'Talent show']","['Animation', 'Performance M', 'Meter']"
melV2fR6-T0,9503,https://i.ytimg.com/vi/melV2fR6-T0/default.jpg,BEST & WORST GRAMMYS 2018,"['Lips', 'Eyelash', 'Step cutting', 'Makeover', 'Collage', 'Happiness', 'Feathered hair', 'Lipstick', 'Hair coloring', 'Hair care']","['Maren Morris', 'Girl', 'Dailymotion', 'Girl', 'YouTube', 'Song', 'Girl']"
dyUJN3skBlU,8083,https://i.ytimg.com/vi/dyUJN3skBlU/default.jpg,JIMMY LIVE!,"['Smile', 'Facial expression', 'Tooth', 'Happiness', 'White-collar worker', 'Entertainment', 'Pleased', 'Television presenter', 'Television show', 'Song']","['Tony Dokoupil', 'CBS Evening News', 'Television', 'Host', 'TV show host', 'Broadcasting', 'Live television', 'create', 'Journalist', 'Ernie Anastos']"
kjC1zmZo30U,40944,https://i.ytimg.com/vi/kjC1zmZo30U/default.jpg,,"['Leather jacket', 'Action', 'Hero', 'Film', 'Leather']","['Greg McLean', 'Jerry Pierce', 'Tag', 'The Darkness', 'Bob Callahan', 'realistic', 'Trailer', 'impressive', 'Friday Night', 'Maxwell Ross']"
Nkl-k_rjn_U,9865,https://i.ytimg.com/vi/Nkl-k_rjn_U/default.jpg,JASON ALDEAN,"['Font', 'Darkness', 'Night', 'Midnight', 'Graphics']","['Graphic design', 'Design', 'Logo', 'Text', 'Meter', 'Graphics']"
aBQDFQwfX2w,312,https://i.ytimg.com/vi/aBQDFQwfX2w/default.jpg,VAE News HBO,"['Audio equipment', 'Entertainment', 'Electronic device', 'Microphone', 'Song', 'Performance', 'Performing Arts', 'Speech', 'Singing', 'Public address system']",['Debate']
Sbp8MmSc2kQ,10911,https://i.ytimg.com/vi/Sbp8MmSc2kQ/default.jpg,,"['Uniform', 'Police officer', 'Police', 'Cap', 'Security', 'Law enforcement', 'Official', 'Security guard', 'Military Officer']","['Peter Wang', 'Uniform', 'Dailymotion', 'Girl', 'Country music', 'Spotify', 'Album', 'Maren Morris']"
ANDqRchWuMc,9354,https://i.ytimg.com/vi/ANDqRchWuMc/default.jpg,WESTWORLD,"['Hat', 'Sun hat', 'Logo', 'Fedora', 'Graphics', 'Album']","['Jonathan Nolan', 'Westworld', 'Westworld season 1', 'Westworld season 3', 'HBO', 'Westworld season 4', 'Westworld - Season 2', 'Television', 'Western']"
8rqztDFvmZ8,64504,https://i.ytimg.com/vi/8rqztDFvmZ8/default.jpg,HOT ONES IN,"['Facial expression', 'Smile', 'Happiness', 'Long hair', 'Makeover', 'Advertising', 'Step cutting', 'Selfie']","['Sydney Sweeney', 'Hot Ones', 'Hot Ones hot sauce', 'Actor', 'Chrissy Teigen Gets Drunk on Spicy Wings', 'Elizabeth Olsen', 'Sydney Sweeney Endures a Nightmare While Eating Spicy Wings', 'create', 'Glen Powell', 'Sean Evans']"
hwQnXjZwQUQ,11534,https://i.ytimg.com/vi/hwQnXjZwQUQ/default.jpg,,"['Eyewear', 'Face', 'Smile', 'Glasses', 'Happiness', 'Vision Care', 'Facial expression', 'Formal wear', 'Jewellery', 'Gesture']","['Maren Morris', 'James Franco', 'Girl', 'Girl', 'Tommy Wiseau', 'Golden Globes', 'Dailymotion', 'Country music', 'Image']"
9qlF_9PNhJs,17243,https://i.ytimg.com/vi/9qlF_9PNhJs/default.jpg,,"['White', 'Jaw', 'Finger', 'Facial expression', 'Line art', 'Happiness', 'Elbow', 'Cartoon', 'Drawing', 'Gesture']","['Cartoon', 'Tom and Jerry', 'Animation', 'Cartoon Network', 'Cartoon Network India', 'Illustration', 'animated cartoon', 'Humor', 'Line art', 'Episode']"
bTfJa_Qb5T0,82129,https://i.ytimg.com/vi/bTfJa_Qb5T0/default.jpg,,"['Garage', 'Garage door', 'Home Door']","['Garage Door', 'Door', 'Clopay', 'Garage', 'WalkThru Garage Doors Inc.', 'Renovation', 'Amarr', 'Leland Garage Doors & Openers, Inc.', 'House']"
tr7I4vokl78,4023,https://i.ytimg.com/vi/tr7I4vokl78/default.jpg,JUSTIN VERLANDER & KATE UPTON,"['Smile', 'Television presenter', 'News', 'Suit', 'Happiness', 'Television show', 'White-collar worker', 'Interview', 'Advertising', 'Love']","['Photograph', 'Photography', 'Image', 'Photojournalism', 'Text', 'Photo caption', 'Subtitle', 'Design', 'Camera', 'Fine art']"
ffxKSjUwKdU,2735382,https://i.ytimg.com/vi/ffxKSjUwKdU/default.jpg,vevo,[],"['Ariana Grande', 'No Tears Left to Cry', 'Music video', 'Republic Records', 'Citizen Queen', 'No Tears Left to Cry', 'NPR', 'Sweetener', 'Universal Music Group']"
3S6HQGHqQa0,21612,https://i.ytimg.com/vi/3S6HQGHqQa0/default.jpg,EARTH IS FLAT,"['Astronomical object', 'Active Shirt', 'Planet', 'Food', 'Universe']","['TheOdd1sOut', 'Cody Lyon', 'Animation', 'Inside Out 2', 'Cartoon', 'Pixar', 'Animator', 'Animated film', 'Live action']"
LHLbPgXPnlk,396,https://i.ytimg.com/vi/LHLbPgXPnlk/default.jpg,MSNBC,"['Facial expression', 'News', 'White-collar worker', 'Necktie', 'Official', 'Television presenter', 'Businessperson', 'Screenshot', 'Television show', 'Photo caption']","['Ernie Anastos', 'Television', 'Journalist', 'Broadcasting', 'NPR', 'TV show host', 'Radio', 'Host', 'Radio station', 'past']"
htmLGVUqIos,9118,https://i.ytimg.com/vi/htmLGVUqIos/default.jpg,,"['Dog', 'Vertebrate', 'Carnivores', 'Puppy', 'Snout', 'Canidae', 'Toy dog', 'Child', 'Infant']","['Dogo Argentino', 'American Pit Bull Terrier', 'American Staffordshire Terrier', 'Jack Russell Terrier', 'Gull Dong', 'Staffordshire Bull Terrier', 'Alaunt', 'Gull Terr', 'Pit bull', 'Dogo']"
v_5qKt7M5fM,1075,https://i.ytimg.com/vi/v_5qKt7M5fM/default.jpg,"THE JOHN CAMPEA SHOW ""A"" AUDIENCE BATING 2ND LARGEST OPENING NIGHT IN HISTORY","['Advertising', 'Poster', 'Publication', 'Book cover', 'Photo caption', 'Film', 'Book', 'Graphic design']","['John Campea', 'easy', 'Star Wars: The Last Jedi', 'YouTube', 'equal', 'continual', 'contented', 'available', 'Star Wars']"
EqeIRzY7hIU,26131,https://i.ytimg.com/vi/EqeIRzY7hIU/default.jpg,6 CHEESE GADGETS TEST,"['Food', 'Yellow', 'Ingredient', 'Cheese', 'Dairy product', 'Kitchen utensil', 'Processed cheese', 'Recipe', 'Provolone', 'Cheddar cheese']","['Yellow pepper', 'Egg and chips', ""Kids' meal"", 'Meal', 'Tangelo', 'French fries', 'Kumquat', 'Dessert', 'Clementine', 'Egg']"
cUa93K56cc0,36157,https://i.ytimg.com/vi/cUa93K56cc0/default.jpg,HONEY ROASTED CARROTS,"['Produce', 'Ingredient', 'Carrot', 'Food', 'Vegetable', 'Natural foods', 'Root Vegetables', 'Superfood', 'Staple food', 'Wild carrot']","['Breadstick', 'Baguette', 'Bread', 'Baking', 'Dough', 'Garlic cheese', 'Ingredient', 'Butter', 'Garlic', 'Dough fermentation']"
phGlo_TNDp0,55,https://i.ytimg.com/vi/phGlo_TNDp0/default.jpg,,"['Geological formation', 'Night', 'Erosion', 'Cave']",[]
sP6Z94dDPEw,6095,https://i.ytimg.com/vi/sP6Z94dDPEw/default.jpg,MAZE RUNNER DEATH CURE MOVIE CLIP,"['Film', 'Action', 'Hero', 'Animation', 'Video Game Software', 'PC game', 'Fictional character']","['Greg McLean', 'Radha Mitchell', 'The Darkness', 'Maze Runner: The Death Cure', 'The Darkness', 'Album', 'Darkness', 'Lyrics', 'Thriller', 'The Police']"
97Gh0LRdKu4,11186,https://i.ytimg.com/vi/97Gh0LRdKu4/default.jpg,QUEER EYE TRAILER,"['Travel', 'Passenger', 'Road trip', 'Sunglasses', 'Car seat', 'Head restraint']","['Giant panda', 'Smithsonian National Zoological Park', 'Red panda', 'Qing Bao', 'Bao Li', 'Zoo', 'Bears', 'World Wildlife Fund', 'Wildlife']"
0eUk_VN3e2A,30761,https://i.ytimg.com/vi/0eUk_VN3e2A/default.jpg,,"['Lips', 'Facial expression', 'Eyelash', 'Smile', 'Blond', 'Long hair', 'Cosmetics', 'Layered hair', 'Brown hair', 'Nail']","['Blond', 'Human hair color', 'Hair', 'Color', 'Dye', 'eumelanin', 'Pigment', 'Gold', 'Guide', 'Tint, shade and tone']"
J6iyX87SBP0,3634,https://i.ytimg.com/vi/J6iyX87SBP0/default.jpg,,"['Food', 'Ingredient', 'Turkey meat', 'Chicken', 'Meat', 'Recipe', 'Cooking', 'Turducken', 'Duck meat', 'Animal product']","['Eggs Benedict', 'Wonton', 'Baozi', 'Ice Cream', 'Garden roses', 'Poached egg', 'Japanese camellia', 'Egg', 'Khinkali', 'Japan']"
UqItlHUSN-4,118784,https://i.ytimg.com/vi/UqItlHUSN-4/default.jpg,vevo,"['Formal wear', 'Happiness', 'Film', 'Family', 'Cousin', 'Tuxedo']",['Screenshot']
883Omd2YqXE,2280,https://i.ytimg.com/vi/883Omd2YqXE/default.jpg,TOP 5,"['Number', 'Logo', 'Symbol']","['Cleveland Cavaliers', 'Minnesota Timberwolves', 'Philadelphia 76ers', 'NBA 2K20', '2023–24 NBA season', 'Brooklyn Nets', 'Basketball', 'NBA Defensive Player of the Year', 'Slam dunk']"
ATFwMO9CebA,9630,https://i.ytimg.com/vi/ATFwMO9CebA/default.jpg,,"['Suit', 'Meeting', 'Speech', 'Government', 'Crowd', 'Official', 'Convention', 'Audience', 'Public event', 'News']","['Screenshot', 'Snipping Tool', 'Windows 10', 'Computer', 'Computer Monitor', 'Microsoft Windows', 'Operating System', 'Windows 11', 'screenshot']"
Zo_mpwmashg,59604,https://i.ytimg.com/vi/Zo_mpwmashg/default.jpg,TRUMP ANTHEM A BAD LIP READING,"['News', 'Flag of the United States', 'Photo caption']","['Home inspection', 'NPR', 'Television', 'create', 'US President', 'past', 'Inspection', 'Host', 'just', 'TV show host']"
foImxGyOuQE,773,https://i.ytimg.com/vi/foImxGyOuQE/default.jpg,JOSEVELT HOTEL,"['Facial expression', 'News', 'Display device', 'Advertising', 'Television show', 'Flat-panel display', 'Television presenter', 'Night', 'Electronic signage', 'Multimedia']","['CBS Evening News', 'Television', 'Broadcasting', 'Live television', 'Host', 'Journalist', 'TV show host', 'NPR', 'Ernie Anastos', 'Tony Dokoupil']"
WfPu9Jrcpuk,177540,https://i.ytimg.com/vi/WfPu9Jrcpuk/default.jpg,LIKE,"['Entertainment', 'Animation', 'Performing Arts', 'Graphics', 'Love', 'Graphic design', 'Night', 'Salsa']","['Salsa spins', 'Tango', 'Ballroom dance', 'Tango', 'Salsa', 'Ballroom']"
2fGXDFiFBhg,198325,https://i.ytimg.com/vi/2fGXDFiFBhg/default.jpg,,"['Electronic device', 'Gadget', 'Communication Device', 'Telephony', 'Mobile phone', 'Display device', 'Portable communications device', 'Mobile device', 'Technology', 'Smartphone']","['iPhone X', 'Apple', 'Apple', 'Apple iPhone 13 Pro Max', 'iPhone 3GS', 'Apple iPhone 13 Mini', 'iPhone 17 Pro', 'iPhone 16e', 'Mobile Phone']"
OdpHOc7vqHA,117732,https://i.ytimg.com/vi/OdpHOc7vqHA/default.jpg,wish FOR NAILS?!,"['Nail', 'Nail Care', 'Nail polish', 'Cosmetics', 'Advertising']",['Meter']
-e-xXN-tcFU,8462,https://i.ytimg.com/vi/-e-xXN-tcFU/default.jpg,,['Dreadlocks'],"['Maren Morris', 'Girl', 'Singer-songwriter', 'Girl', 'Song', 'Country music', 'Girl', 'Songwriter', 'Dailymotion']"
L9eFkmjIIWA,4208,https://i.ytimg.com/vi/L9eFkmjIIWA/default.jpg,,"['Moon', 'Astronomical object', 'Night', 'Full moon', 'Astronomy', 'Moonlight', 'Celestial event', 'Planet', 'Midnight', 'Outer space']","['Lunar eclipse', 'Lunar phase', 'Moon', 'Earth', 'Moonlight', 'Full moon', 'Planet', 'Moon', 'New Moon', 'Eclipse']"
flLc6LmAG6c,12328,https://i.ytimg.com/vi/flLc6LmAG6c/default.jpg,,[],"['Screenshot', 'Snipping Tool', 'screenshot', 'Windows 10', 'Computer Monitor', 'Computer', 'Digital image', 'just', 'Operating System']"
7HGCE6-LMBg,222299,https://i.ytimg.com/vi/7HGCE6-LMBg/default.jpg,It's Ari's Birthday!! feat. An,"['Paper', 'Party Supply', 'Paper Product', 'Poster', 'Graphic design', 'Graphics', 'Design', 'Fictional character']","['Animation', 'Cartoon', 'Animated series', 'Drawing', 'Tom and Jerry', 'Cartoon Network', 'Episode', 'YouTube', 'YouTube']"
yTyLXFAIfOI,1411,https://i.ytimg.com/vi/yTyLXFAIfOI/default.jpg,REFINERY29,"['Hair', 'Eyebrow', 'Lips', 'Forehead', 'Beauty', 'Eyelash', 'Facial expression', 'Smile', 'Tooth', 'Black hair']","['Maren Morris', 'Dailymotion', 'Girl', 'Girl', 'Spotify', 'Country music', 'create', 'Album']"
mdWcaWBxxcY,335976,https://i.ytimg.com/vi/mdWcaWBxxcY/default.jpg,GIRLS GIRLS GIRLS B,['Pink'],"['Girls', 'Text', 'Meter', 'Lyrics', 'Bebe Rexha', 'Rita Ora', 'Charli xcx', 'Cardi B', 'Girls']"
Kemqo35m8gk,7823,https://i.ytimg.com/vi/Kemqo35m8gk/default.jpg,,"['Blue', 'Toy', 'Plastic', 'LEGO', 'Fictional character', 'Action figure', 'Figurine', 'Baby toys']","['Cartoon', 'Tom and Jerry', 'Animation', 'Cartoon Network', 'animated cartoon', 'Cartoon Network India', 'Humor', 'YouTube Kids', 'YouTube']"
rYcnh7hXOjE,15050,https://i.ytimg.com/vi/rYcnh7hXOjE/default.jpg,,"['Column', 'Classical architecture']","['Graphic design', 'Design', 'Graphics', 'Graphic Designer', 'Designer', 'opening', 'Text', 'Web design', 'Guide']"
bXYkU5u5pzg,1033,https://i.ytimg.com/vi/bXYkU5u5pzg/default.jpg,FOX HIGHLIGHTS,"['Football helmet', 'Protective equipment in gridiron football', 'Protective gear in sports', 'Sports Uniform', 'Football--Equipment and supplies', 'Team sport', 'Sprint football', 'competition event', 'Gridiron football', 'Personal protective equipment']","['NFL', 'Parris Campbell', 'American Football player', 'American football', 'Quarterback', 'Six players', 'NASCAR', 'Soccer show']"
XcSMdhfKga4,47426,https://i.ytimg.com/vi/XcSMdhfKga4/default.jpg,OFFICIAL TRAILER,"['Blond', 'Sunglasses', 'Film', 'Goggles']","['Blond', 'Human hair color', 'Hair', 'Color', 'colored', 'Guide', 'NPR', 'Grammar', 'Word', 'other']"
Yiq8YjQC6Rw,39583,https://i.ytimg.com/vi/Yiq8YjQC6Rw/default.jpg,,"['Facial hair', 'Beard', 'Moustache', 'Gadget', 'Kettlebell', 'Headphones']",[]
McRNSFGwqtY,161687,https://i.ytimg.com/vi/McRNSFGwqtY/default.jpg,,"['Eyewear', 'Glasses', 'Vision Care', 'Finger', 'Gesture', 'Wrinkle', 'Thumb', 'Nail', 'Watch', 'Flesh']","['Marinos Kartikkis', 'Senior Citizen', 'senior', 'National Senior Citizens Day', 'other', 'available', 'equal', 'left', 'YouTube']"
RoIJtobSOqc,31817,https://i.ytimg.com/vi/RoIJtobSOqc/default.jpg,Everything Wrong With Ferdinand,"['Animation', 'Snout', 'Animated cartoon', 'Happiness', 'Bovinae', 'Photo caption', 'Working animal', 'Film', 'Screenshot']","['Musk ox', 'Text', 'Photo caption', 'Animation', 'Cartoon', 'animated cartoon', 'Meter', 'Subtitle']"
kX0vO4vlJuU,2092343,https://i.ytimg.com/vi/kX0vO4vlJuU/default.jpg,,[],"['Jung Kook', 'Display device', 'BTS', 'Euphoria', 'K-pop', 'Liquid-crystal display', 'Output device', 'Backlight', 'paid', 'Computer Monitor']"
rXbKeHAoA84,27239,https://i.ytimg.com/vi/rXbKeHAoA84/default.jpg,,"['People', 'Happiness', 'Facial expression', 'Child', 'Love', 'Family', ""Father's Day"", 'Laughter', 'Toddler', 'Film']","['Sean Baker', 'Willem Dafoe', 'The Florida Project', 'Moonee', 'The Florida Project: Review', 'A24', 'A24', 'Drama', 'Image']"
PXAZ3KphJz4,15550,https://i.ytimg.com/vi/PXAZ3KphJz4/default.jpg,C ATING SKATING,"['Active Shirt', 'Crew cut']",['Meter']
NIf8LjND67Y,21753,https://i.ytimg.com/vi/NIf8LjND67Y/default.jpg,,"['Black hair', 'Waist', 'Long hair', 'Abdomen', 'Artificial hair integrations', 'Crop top', 'Model', 'Lace wig']","['STX IT20 RISK.5RV NR EO', 'Formal wear', 'Model M keyboard']"
IywiodrtyfM,23193,https://i.ytimg.com/vi/IywiodrtyfM/default.jpg,,"['Lips', 'Eyelash', 'Blond', 'Tongue', 'Nail', 'Long hair', 'Lipstick', 'Cosmetics', 'Makeover', 'Model']",[]
jD83QaWy8LI,124544,https://i.ytimg.com/vi/jD83QaWy8LI/default.jpg,sa TRAP! GOLDEN TICKET,"['Hat', 'Entertainment', 'Sun hat', 'Circus', 'Poster', 'Fedora', 'Costume Hat', 'Advertising', 'Comedy', 'Graphic design']","['Gene Wilder', 'Willy Wonka', 'Willy Wonka & the Chocolate Factory', 'Mass media', 'Television', 'Image', 'Actor', 'Mass Communication', 'Oompa Loompa', 'Media literacy']"
f3Xkre0GOFU,8903,https://i.ytimg.com/vi/f3Xkre0GOFU/default.jpg,whiaumr,"['Happiness', 'Black hair', 'Jaw', 'Facial expression', 'Smile', 'Eyelash', 'Selfie', 'Bangs', 'Feathered hair']","['Maren Morris', 'Girl', 'Girl', 'Country music', 'Dailymotion', 'Girl', 'Album', 'Song']"
B-PVT_rclnM,20145,https://i.ytimg.com/vi/B-PVT_rclnM/default.jpg,CH CONVERSATIONAL LAND MINES,"['Game', 'Poster', 'PC game', 'Photo caption', 'Military Person', 'Soldier', 'Action']",['Meter']
uxSAnJsb-SI,1645,https://i.ytimg.com/vi/uxSAnJsb-SI/default.jpg,,"['Facial expression', 'Display device', 'Screenshot', 'Multimedia', 'Happiness', 'Photo caption']","['Mass media', 'Media literacy', 'Television', 'Mass Communication', 'Media studies', 'Propaganda', 'Communication', 'Steak dinner', 'Politics']"
SJmU2ewFhkg,1285,https://i.ytimg.com/vi/SJmU2ewFhkg/default.jpg,SJU,"['Superhero', 'Action', 'Fictional character', 'Entertainment', 'Hero', 'Avengers', 'Iron Man', 'Captain America', 'Film', 'Thor']",['Superhero']
8B2esiq24Hg,21804,https://i.ytimg.com/vi/8B2esiq24Hg/default.jpg,WHY DOES MY CAT SLEEP WITH HE,"['Cat', 'Felidae', 'Felinae', 'Sleep', 'Carnivores', 'Whiskers', 'Nap', 'Snout', 'Fur', 'Terrestrial animal']","['Bengal tiger', 'Scottish Fold', 'American Shorthair', 'Lion', 'Snow leopard', 'Big cat', 'Siberian Tiger', 'Tabby cat', 'Fear Free', 'Fang']"
YKWGQyz-oLw,16680,https://i.ytimg.com/vi/YKWGQyz-oLw/default.jpg,WM,"['Animated cartoon', 'Animation', 'Snout', 'Felidae', 'Felinae', 'Whiskers']","['Cartoon', 'Cartoon Network', 'The Walt Disney Company', 'create', 'unpopular', 'Tom and Jerry', 'Spreadshirt', ""Weekend at Benson's"", 'Disney']"
dwEKqAwoz0Y,7228,https://i.ytimg.com/vi/dwEKqAwoz0Y/default.jpg,,"['Smile', 'Facial expression', 'Happiness', 'Blond', 'Blazer', 'Necklace', 'Layered hair', 'Pleased', 'Makeover']","['Maren Morris', 'Girl', 'Girl', 'Country music', 'Girl', 'Dailymotion', 'Album', 'Song']"
h_O8ZvB3uEk,227565,https://i.ytimg.com/vi/h_O8ZvB3uEk/default.jpg,,"['Blond', 'Happiness', 'Fun', 'Leisure', 'Film', 'Party', 'Model', 'Vacation', 'Spring break', 'Cousin']","['Lardon', 'Lardo', 'Lardon', 'Souvla', 'Pistachio cheesecake', 'Bacon', 'Dessert', 'La Bella Trattoria Loop', 'Souvla', 'Cream']"
kVWj8lgQvsE,4667,https://i.ytimg.com/vi/kVWj8lgQvsE/default.jpg,LIP SYNG BATTLE PREVIEW,"['Lips', 'Entertainment', 'Facial expression', 'Performing Arts', 'Singing', 'Song', 'Performance', 'Electronic device', 'Music', 'Microphone']","['Timbre', 'Vocal coach', 'vocal technique', 'Pitch', 'Song', 'Singeo', 'Tune', 'Lyrics', 'Musical tone', 'easy']"
fCe38yjduXk,2726,https://i.ytimg.com/vi/fCe38yjduXk/default.jpg,,"['Snow', 'Winter', 'Siberian Tiger', 'Tiger', 'Playing in the snow', 'Carnivores', 'Freezing', 'Felidae', 'Bengal tiger', 'Precipitation']","['Cat', 'Red fox', 'Tabby cat', 'West Bengal', 'Wolfdog', 'Snow', 'Red', 'Dagens Nyheter']"
AM1pavPRU8E,24547,https://i.ytimg.com/vi/AM1pavPRU8E/default.jpg,,"['Lips', 'Facial expression', 'Eyelash', 'Blond', 'Red hair', 'Hair coloring', 'Happiness', 'Tongue']",[]
ijwHj2HaOT0,8209,https://i.ytimg.com/vi/ijwHj2HaOT0/default.jpg,EXCLUSIVE A PHONE CALL WITH DUPLEX,"['Vision Care', 'News', 'Screenshot', 'Advertising', 'Photo caption', 'Display device']","['Animation', 'Meter']"
s3ChukSDGRU,17124,https://i.ytimg.com/vi/s3ChukSDGRU/default.jpg,RELATED?!,"['Film', 'Hero', 'Fictional character', 'Fiction', 'Collage']","['Action', 'Rogue Warfare', 'Only the Strong', 'Thriller', 'Spy thriller', 'Action Thriller', 'famous', 'last', 'past']"
cv8VhlIw6Qc,39,https://i.ytimg.com/vi/cv8VhlIw6Qc/default.jpg,,"['Flag of the United States', 'Speech', 'Audio equipment', 'Microphone stand', 'White-collar worker', 'Microphone', 'Spokesperson', 'Flag', 'Public address system', 'Suit']","['PSY', 'Gentleman', 'Mind of a Genius', 'Bruno Mars: The Lazy Song', 'kinocheck.com', 'GENTLEMAN', 'Music video', 'Mind of a Genius Records', 'YouTube']"
HxuHo62reRw,55496,https://i.ytimg.com/vi/HxuHo62reRw/default.jpg,,"['Facial expression', 'Black hair', 'Smile', 'Happiness', 'Food', 'Comfort food']","['Maren Morris', 'Dailymotion', 'Girl', 'Movie theater', 'Girl', 'Girl', 'Country music', 'Amazon Prime Video']"
D30jtARAEh0,151,https://i.ytimg.com/vi/D30jtARAEh0/default.jpg,W,"['Finger', 'Gesture', 'Thumb', 'White-collar worker', 'Conversation', 'Blond', 'Meeting', 'Nail', 'Businessperson', 'Hearing']","['Martin Luther King Jr.', 'Tango', 'Ballroom dance', 'Folk dance', 'Tango', 'Salsa', 'Martin Luther King Jr. Day', 'Ballroom', 'Combat', 'Performance M']"
ERBEwrn4f7Q,4852,https://i.ytimg.com/vi/ERBEwrn4f7Q/default.jpg,PeopleTV,"['Smile', 'Electronic device', 'News', 'Television presenter', 'Happiness', 'Television show', 'Display device', 'Screenshot', 'Multimedia', 'Laughter']","['Dan Gillmor', 'Mass media', 'Crash Course: Media Literacy', 'Media literacy', 'Mass Communication', 'Media studies', 'Television', 'Digital media', 'Propaganda']"
2z3EUY1aXdY,123302,https://i.ytimg.com/vi/2z3EUY1aXdY/default.jpg,,"['Audio equipment', 'Entertainment', 'Electronic device', 'Event', 'Microphone', 'Performing Arts', 'Performance', 'Song', 'Singing', 'Speech']","['Justin Timberlake', 'Timbre', 'Vocal coach', 'Vocal music', 'vocal technique', 'Lyrics', 'Singeo', 'Song', 'Pitch', 'Musical tone']"
MpaHR-V_R-o,45965,https://i.ytimg.com/vi/MpaHR-V_R-o/default.jpg,,"['Animation', 'Animated cartoon']","['Cartoon', 'Cartoon Network', 'Nickelodeon', 'Television', 'future', 'Image', 'Cartoon Cartoons', 'Episode', ""Weekend at Benson's"", 'animated cartoon']"
kqmhCaF5_44,1353,https://i.ytimg.com/vi/kqmhCaF5_44/default.jpg,,"['Santa Claus', 'Fictional character', 'Holiday', 'Winter', 'Happiness']","['Superman', 'Batman', 'The Avengers', 'Spider-Man', 'Erik Lehnsherr', 'The Avengers']"
HuwPCUzqwKs,12906,https://i.ytimg.com/vi/HuwPCUzqwKs/default.jpg,vevo,"['Facial expression', 'Eyelash', 'Film']",[]
N4MtzsregT8,18742,https://i.ytimg.com/vi/N4MtzsregT8/default.jpg,,"['Happiness', 'Jaw', 'Facial expression', 'Tooth', 'Smile', 'Facial hair', 'Beard', 'Gesture', 'Laughter', 'Moustache']",[]
zTY7dvFJbXY,37146,https://i.ytimg.com/vi/zTY7dvFJbXY/default.jpg,,"['Jacket', 'Night', 'Beard', 'Facial hair', 'Midnight']","['Album cover', 'Album']"
wb49-oV0F78,216754,https://i.ytimg.com/vi/wb49-oV0F78/default.jpg,ASC 11,"['Film', 'Advertising', 'Video Game Software', 'Action', 'PC game', 'Digital compositing', 'Hero', 'Photo caption', 'Road trip']","['Tom Cruise', 'Mission: Impossible - Fallout', 'Action', 'Thriller', 'Action Thriller', 'famous', 'Spy thriller', 'last', 'Movie theater']"
IU-Fo-QEpOI,33920,https://i.ytimg.com/vi/IU-Fo-QEpOI/default.jpg,FACE OFF,"['Logo', 'Happiness', 'Graphics', 'Graphic design']","['Television', 'How Television Works', 'TV Channel', 'interesting', 'Early Television Museum', 'Periscope Film', 'loved', 'YouTube', 'Cable television']"
d380meD0W0M,132235,https://i.ytimg.com/vi/d380meD0W0M/default.jpg,GOING BALD?! DANE,"['Happiness', 'Smile', 'Facial expression', 'Screaming', 'Fun', 'Laughter', 'Photo caption']","['Animation', 'The Big Trip', 'Cartoon', 'Too Too Boy', 'animated cartoon', 'funny', 'Videogyan', 'Tom and Jerry', 'Animated film', 'Narrative']"
1PhPYr_9zRY,642847,https://i.ytimg.com/vi/1PhPYr_9zRY/default.jpg,,"['Facial expression', 'Happiness', 'Child', 'Film', 'Prince', 'Cousin']","['BTS', 'Run BTS', 'opening', 'closing', 'YouTube Music', 'YouTube', 'create', 'Music video', 'Butter']"
2J6bJnwr1rw,40952,https://i.ytimg.com/vi/2J6bJnwr1rw/default.jpg,happétit,"['Eyewear', 'Glasses', 'Vision Care', 'Facial hair', 'Beard', 'Food', 'Moustache', 'Eating', 'Food craving', 'Taste']","['Eating', 'Healthy diet', 'Health', 'Emotional eating', 'Junk food', 'Intuitive eating', 'Weight gain', 'Mukbang', 'Weight loss', 'Overeating']"
0EPY1CKFecs,50473,https://i.ytimg.com/vi/0EPY1CKFecs/default.jpg,ADAM RUINS POCAHONTAS,"['Facial expression', 'Cartoon', 'Animated cartoon', 'Animation', 'Fictional character', 'Happiness', 'Fiction', 'Comic book', 'Comics', 'Hero']","['Cartoon', 'Animation', 'Cartoon Network', 'Tom and Jerry', 'Cartoon Network India', 'Humor', 'Cartoon Cartoons', 'animated cartoon', 'Relax Bear', 'Episode']"
m7b8hitvfoE,20014,https://i.ytimg.com/vi/m7b8hitvfoE/default.jpg,vevo WRINKLE TIME,"['Graphics', 'Graphic design', 'Night', 'Film', 'Animation']",['Meter']
sNgByUWwFKU,15243,https://i.ytimg.com/vi/sNgByUWwFKU/default.jpg,,"['Spacecraft', 'Rocket', 'Steppe', 'Pollution', 'Wind', 'Aerospace Engineering', 'Tundra']",[]
pFc6I0rgmgY,30052,https://i.ytimg.com/vi/pFc6I0rgmgY/default.jpg,,"['Facial hair', 'Moustache', 'Beard', 'Turban', 'Afro', 'Film', 'Guru']","['John David Washington', 'Ron Stallworth', 'BlacKkKlansman', 'BlacKkKlansman: Review', 'Universal Pictures', 'Ron Stallworth', 'Ku Klux Klan', 'Colorado Springs Police Department', 'Focus Features']"
W7SZmMW6Ow0,6374,https://i.ytimg.com/vi/W7SZmMW6Ow0/default.jpg,JIMMY LIVE!,"['Facial expression', 'Smile', 'Tooth', 'Blond', 'Happiness', 'Long hair', 'Night', 'Television show', 'Television presenter', 'Layered hair']","['Melissa Benoist', 'Supergirl', 'Dailymotion', 'Girl', 'Girl', 'Country music', 'Song', 'Maren Morris']"
pojXEFDFMw8,4218,https://i.ytimg.com/vi/pojXEFDFMw8/default.jpg,itv,"['Football', 'Felidae', 'Ball', 'Football player', 'Football', 'Video Game Software', 'Lion', 'Soccer player']","['Belgian Shepherd', 'Saarlooswolfdog', 'Czechoslovakian Wolfdog', 'German Shepherd', 'Appenzeller Sennenhund', 'Entlebucher Mountain Dog', 'Beauceron', 'West Siberian Laika', 'Guard dog', 'Swiss mountain dog']"
B5gu6o6CIDA,4275,https://i.ytimg.com/vi/B5gu6o6CIDA/default.jpg,GINGI CUP READ KES,"['Lips', 'Facial expression', 'Happiness', 'Smile', 'Eyelash', 'Tooth', 'Blond', 'Brown hair', 'Advertising', 'Lipstick']",['Blond']
1sJHx2s4Pp4,13086,https://i.ytimg.com/vi/1sJHx2s4Pp4/default.jpg,vevo,"['Facial expression', 'Portrait photography']","['Darkness', 'The Darkness', 'The Police', 'Album', 'Vuelve', 'Song', 'Rock and Roll Deserves to Die', 'Cifra Club', 'Easter Is Cancelled', 'Lyrics']"
ajh-Gn-2wWo,166,https://i.ytimg.com/vi/ajh-Gn-2wWo/default.jpg,Viralhog,['Happiness'],"['Graphic design', 'Design', 'Text', 'Graphics', 'Meter']"
_X8XtZZYkNA,38736,https://i.ytimg.com/vi/_X8XtZZYkNA/default.jpg,ARE YOU SMARTER THAN AVERAGE?,['Happiness'],"['Cartoon', 'Cartoon Network', 'Animation', 'Episode', 'Cartoon Cartoons', 'Tom and Jerry', 'Humor', 'YouTube', 'Cartoon Network India']"
j1f04Jg7IaA,18203,https://i.ytimg.com/vi/j1f04Jg7IaA/default.jpg,,"['Lips', 'Eyelash', 'Nail', 'Lipstick', 'Happiness', 'Cosmetics']","['Visual Arts', 'Art']"
ve3oQBjcAGI,52336,https://i.ytimg.com/vi/ve3oQBjcAGI/default.jpg,Everything Wrong Wi Wonder Woman,"['Wonder Woman', 'Superhero', 'Fictional character', 'Film', 'Poster', 'Fiction', 'Hero', 'Publication']",['Meter']
e6XeP9gQPmg,17972,https://i.ytimg.com/vi/e6XeP9gQPmg/default.jpg,THOR VS. GIANTS,"['Cartoon', 'Animated cartoon', 'Animation', 'Fictional character', 'Clip art', 'Fiction', 'Graphics', 'Hero', 'Moustache']","['Loki', 'Cartoon', 'Comics', 'Útgarða-Loki', 'Thjálfi', 'Giant', 'Norse mythology', 'Thor', 'Þrymr', 'Land']"
Z2ttpo7c95s,5111,https://i.ytimg.com/vi/Z2ttpo7c95s/default.jpg,NIGHTLY NEWS,"['Volcano', 'Flame', 'Fire', 'geological phenomenon', 'Heat', 'Lava', 'Volcanic landform', 'Fissure vent', 'Smoke', 'Types of volcanic eruptions']",['Screenshot']
tfyNPxM-M-w,1116,https://i.ytimg.com/vi/tfyNPxM-M-w/default.jpg,W,"['Road', 'Asphalt', 'Highway', 'Controlled-access highway', 'Lane', 'Road trip', 'Travel', 'Shoulder', 'Tar', 'Kit car']","['Highway', 'US Interstate highway system', 'Road', 'US Numbered Highways', 'United States', 'Controlled-access highway', 'Street', 'Driving', 'unsure']"
W3FH1scDhfA,1521,https://i.ytimg.com/vi/W3FH1scDhfA/default.jpg,,['Walking'],[]
G_Pu00NmJfg,9878,https://i.ytimg.com/vi/G_Pu00NmJfg/default.jpg,SEANIN THE WILD,"['Junk food', 'Fried food', 'Advertising', 'Finger food', 'Film', 'Canadian cuisine', 'Eating', 'Photo caption', 'Food', 'American cuisine']","['Action', 'The Siege', 'Only the Strong', 'Action Thriller', 'Thriller', 'Action comedy', 'Martial Arts', 'succeeding']"
y3qfeoqErtY,48343,https://i.ytimg.com/vi/y3qfeoqErtY/default.jpg,How Overnight Shipping Works,"['Aerospace Engineering', 'Advertising', 'Dusk', 'Screenshot', 'Red sky at morning', 'Aircraft', 'Aviation', 'Dawn', 'Flight', 'Photo caption']","['Memphis', 'Louisville', 'Wright County', 'Logistics', 'FedEx Corp', 'Freight transport', 'United Parcel Service']"
T1-k7VYwsHg,91794,https://i.ytimg.com/vi/T1-k7VYwsHg/default.jpg,HOT ONES MIN,"['Eyewear', 'Glasses', 'Vision Care', 'Facial hair', 'Beard', 'Moustache', 'Bottle', 'Logo', 'Alcohol', 'Glass bottle']","['Glen Powell', 'Hot Ones', 'Actor', 'Alton Brown Rigorously Reviews Spicy Wings', 'Shane Gillis Pounds Milk While Eating Spicy Wings', 'Anna Kendrick Gets the Giggles While Eating Spicy Wings', 'YouTube', 'Sean Evans', 'Twisters']"
JbazoX5Su1w,26181,https://i.ytimg.com/vi/JbazoX5Su1w/default.jpg,MIRANDA PERFUME,"['Lips', 'Eyelash', 'Personal care', 'Perfume', 'Cosmetics', 'Lipstick', 'Makeover', 'Bottle']","['Maren Morris', 'Dailymotion', 'Girl', 'Girl', 'Country music', 'Filmmaking', 'Song']"
b191evqWAwE,1956,https://i.ytimg.com/vi/b191evqWAwE/default.jpg,,"['People', 'Happiness', 'Facial expression', 'Smile', 'Hat', 'Gesture', 'Thumb', 'Tradition', 'Necktie', 'Laughter']","['Flower', 'Floral design', 'Flower delivery', 'Flower bouquet', 'Zinnia', 'Cut flowers', 'Plant', 'Guide', 'Vegetable', 'Seed']"
vjSohj-Iclc,85394,https://i.ytimg.com/vi/vjSohj-Iclc/default.jpg,,"['Machine', 'Robot', 'Mecha', 'Fictional character']","['Grass', 'Kangal Shepherd Dog', 'Central Asian Shepherd Dog', 'Anatolian Shepherd Dog', 'Border Collie', 'Thatch', 'create', 'Lawn', 'Giant dog breed', 'Guard dog']"
lSSFuier7tU,17857,https://i.ytimg.com/vi/lSSFuier7tU/default.jpg,,"['Entertainment', 'Performing Arts', 'Performance', 'Facial expression', 'Event', 'Song', 'Singing', 'Happiness', 'Turban', 'Theatre']",['Performance M']
G03bNA-gpXE,939,https://i.ytimg.com/vi/G03bNA-gpXE/default.jpg,,"['Jacket', 'Winter', 'Hoodie']",[]
D7plDibrP1U,12534,https://i.ytimg.com/vi/D7plDibrP1U/default.jpg,,"['People', 'Event', 'Crowd', 'Motorcycle', 'Rebellion']","['Tree', 'Garden', 'Forest stand', 'Plant', 'TreePeople', 'From the Woods Today', 'create', 'mature', 'Plant life-form', 'wide']"
flLc6LmAG6c,14390,https://i.ytimg.com/vi/flLc6LmAG6c/default.jpg,,[],"['Screenshot', 'Snipping Tool', 'Windows 10', 'Computer', 'Print Screen', 'Computer Monitor', 'screenshot', 'Microsoft Windows', 'OneDrive']"
8U-7F0QfLCE,1851,https://i.ytimg.com/vi/8U-7F0QfLCE/default.jpg,,"['Sedan', 'Toyota', 'Hubcap', 'Personal luxury car', 'Hybrid vehicle']","['Honda Motor Company', 'Saab 9-X', 'Saab Automobile', 'Toyota Avalon', 'Acura', 'Car', 'Toyota', 'ACURA', 'Sports sedan']"
trWLY6NrS2Q,45115,https://i.ytimg.com/vi/trWLY6NrS2Q/default.jpg,HONEST TRAILERS,"['Advertising', 'Film', 'Television show']","['Honest Trailers', 'Honest Trailers Every Wes Anderson Movie', 'Album cover', 'Cover art', 'Art', 'Album', 'Other Record Labels', 'Every Wes Anderson Movie', 'CinemaSins', 'famous']"
uu99R0zAUEw,26192,https://i.ytimg.com/vi/uu99R0zAUEw/default.jpg,M,"['Combat sport', 'Striking combat sports', 'Wrestling', 'Individual sport', 'Professional Wrestler', 'Sports venue', 'Contact sport', 'Entertainment', 'Sports', 'Barechestedness']","['WWE', 'Wrestler', 'Professional wrestling', 'Wrestling', 'Ring of Honor', 'Dolph Ziggler', 'The Miz', 'Joe Hendry', 'Seth Rollins']"
BSHh0MmJM1U,14961,https://i.ytimg.com/vi/BSHh0MmJM1U/default.jpg,FOOD SKILLS,"['Food', 'Ingredient', 'Pizza', 'Recipe', 'Comfort food', 'Cooking', 'California-style pizza', 'Lunch', 'Fast food', 'Pizza cheese']","['Stuffed clam', 'Stuffing', 'Clam chowder', 'Clam sauce', 'Clam', 'Clam juice', 'Seafood', 'Side dish', 'Baking', 'Dish']"
7xN52zQzYy8,147,https://i.ytimg.com/vi/7xN52zQzYy8/default.jpg,Sports Illustrated,"['Sports', 'Football', 'Ball', 'Sports venue', 'Field house']","['Animation', 'Cartoon', 'funny', 'animated cartoon', 'Tom and Jerry', 'YouTube', 'Humor', 'Cartoon Network India', 'Animated film']"
wT_yPn3LfNA,69584,https://i.ytimg.com/vi/wT_yPn3LfNA/default.jpg,LADY LIKE,"['Happiness', 'Laughter', 'Love']","['Turn: Travis (Karaoke Version)', 'Tyler Hubbard', 'Travis', 'Music video', 'Florida Georgia Line', 'Amazon Music', 'Song', 'The Man Who', 'IMVDb', 'Universal Music Group']"
6ZfuNTqbHE8,2625661,https://i.ytimg.com/vi/6ZfuNTqbHE8/default.jpg,OFFICIAL TRAILER,"['Action', 'Film', 'Hero', 'Poster', 'Fictional character', 'Video Game Software', 'Avengers', 'Superhero', 'Fiction']","['Avengers: Infinity War', 'Hulk', 'Thanos', 'Marvel Studios', 'Marvel Entertainment', 'Superhero', 'Marvel Cinematic Universe', 'Marvel Comics', 'Avengers: Doomsday']"
XaKDp3ijSx0,30259,https://i.ytimg.com/vi/XaKDp3ijSx0/default.jpg,R,"['Clip art', 'Graphics', 'Animation', 'Happiness', 'Animated cartoon', 'Graphic design']","['St.Arnaud', 'Cartoon', 'Chordify', 'Cartoon Network', 'Animation', 'Music video', 'Episode', ""Weekend at Benson's"", 'Cartoon Cartoons', 'create']"
anDIlMVgNwk,13579,https://i.ytimg.com/vi/anDIlMVgNwk/default.jpg,,"['Advertising', 'Graphic design', 'Graphics', 'Pest', 'Science']","['Screenshot', 'Computer Keyboard', 'Print Screen', 'Snipping Tool', 'Keyboard shortcut', 'Computer', 'screenshot', 'Windows 10', 'Microsoft Windows']"
oFfMN6lPnlA,55217,https://i.ytimg.com/vi/oFfMN6lPnlA/default.jpg,LAST JEDI,['Game'],"['Cartoon', 'Episode', 'Cartoon Network', 'Animation', 'Humor', 'Cartoon Network India', 'Tom and Jerry', 'Cartoon Cartoons', 'YouTube']"
JKP-rOESfMs,15682,https://i.ytimg.com/vi/JKP-rOESfMs/default.jpg,U ? ESUPERIN SMASH BRES,"['Graphics', 'Graphic design', 'Fictional character']","['Super Smash Bros. Ultimate', 'Spawn', 'Nintendo', 'Nintendo Switch', 'Nintendo', 'Black protagonist', 'succeeding', 'Amiibo']"
h_O8ZvB3uEk,218466,https://i.ytimg.com/vi/h_O8ZvB3uEk/default.jpg,,"['Blond', 'Happiness', 'Fun', 'Leisure', 'Film', 'Party', 'Model', 'Vacation', 'Spring break', 'Cousin']","['Lardon', 'Lardon', 'Lardo', 'Souvla', 'Pistachio cheesecake', 'Dessert', 'Souvla', 'Shashlik', 'Bacon', 'Tomato']"
ClM-MORjXQI,11711,https://i.ytimg.com/vi/ClM-MORjXQI/default.jpg,,['Toy dog'],"['American Pit Bull Terrier', 'American Bulldog', 'Bulldog', 'Rottweiler', 'Alapaha blue blood bulldog', 'Great Dane', 'Pit bull', 'Terrier', 'Companion dog', 'Breed']"
7COF8AhH9Z8,200,https://i.ytimg.com/vi/7COF8AhH9Z8/default.jpg,CW,"['People', 'Happiness', 'Gesture', 'News', 'Photo caption', 'Rejoicing', 'Fan', 'Photobombing']","['Folk dance', 'BYU International Folk Dance Ensemble', 'Dance troupe', 'Folk music', 'Choreography', 'Folklore', 'Art', 'Hoedown', 'International folk dance', 'Culture']"
i-LCORFB860,386,https://i.ytimg.com/vi/i-LCORFB860/default.jpg,,"['Lightning', 'Thunder', 'Thunderstorm', 'Storm', 'Night', 'Electricity', 'Science']","['Airplane', 'Faraday cage', 'Faraday effect', 'Flight', 'Electric charge', 'Science', 'Lightning', 'Airport', 'Electricity', 'Airliner']"
0qpE8IHz3go,33742,https://i.ytimg.com/vi/0qpE8IHz3go/default.jpg,,"['Happiness', 'Facial expression', 'Smile', 'Laughter']","['Animation', 'The Big Trip', 'Cartoon', 'animated cartoon', 'Animated film', 'funny', 'Cartoon Network India', 'Humor', 'Television', 'Tom and Jerry']"
lHNmUUi6LzM,3635,https://i.ytimg.com/vi/lHNmUUi6LzM/default.jpg,TINA FEY,"['Facial expression', 'News', 'Smile', 'Happiness', 'Television show', 'Speech', 'Television presenter', 'Film', 'Laughter', 'Spokesperson']","['Maren Morris', 'Girl', 'Album', 'Country music', 'Girl', 'Dailymotion', 'Girl']"
m9sR3Z0vVOc,61187,https://i.ytimg.com/vi/m9sR3Z0vVOc/default.jpg,,"['Still life photography', 'Scale model', 'Toy']","['Computer Monitor', 'LED-backlit LCD', 'Light-emitting diode', 'Computer', 'Liquid-crystal display', 'Backlight', 'Display device']"
dx9mF1KJr0s,80553,https://i.ytimg.com/vi/dx9mF1KJr0s/default.jpg,W,"['Performing Arts', 'Performance', 'Gesture', 'Speech', 'One-piece garment', 'Singing']","['The Darkness', 'Friday Night', 'Amazon Music', 'loved', 'All by Myself', 'Love So Soft', 'create', 'Permission to Land', 'Song', 'Kelly Clarkson']"
J6R0X6NTnSw,132474,https://i.ytimg.com/vi/J6R0X6NTnSw/default.jpg,vevo AREN,"['Model', 'Long-sleeved T-shirt', 'Happiness', 'Photo shoot']",['Meter']
bo8OYPYRTIY,26416,https://i.ytimg.com/vi/bo8OYPYRTIY/default.jpg,Diego Show,"['Happiness', 'Television show', 'Display device']","['Maren Morris', 'Girl', 'Bella Thorne', 'Dailymotion', 'Girl', 'Movie theater', 'Girl', 'Guitarist']"
sfMwXjNo3Rs,7690,https://i.ytimg.com/vi/sfMwXjNo3Rs/default.jpg,INSIDER,"['Agriculture', 'Field', 'Agricultural machinery', 'Crop', 'Farm', 'Plantation', 'Machine', 'Paddy field', 'Agriculturist', 'Soil']","['Grass', 'Thatch', 'Lawn', 'Grasses', 'create', 'available', 'contented', 'Aeration', 'important', 'Science']"
al0lGtRpO5M,7625,https://i.ytimg.com/vi/al0lGtRpO5M/default.jpg,,"['Eyewear', 'Glasses', 'Vision Care', 'Audio equipment', 'Electronic device', 'Monochrome photography', 'Entertainment', 'Microphone', 'Performing Arts', 'Monochrome']","['Mick Moss', 'Hunter Metts', 'Chordify', 'Monochrome', 'Monochrome', 'Guitar', 'Album', 'Mumford & Sons', 'YouTube']"
wwZ-T_WQ03A,5847,https://i.ytimg.com/vi/wwZ-T_WQ03A/default.jpg,WHY MORTY MATTERS,"['Happiness', 'Animation']","['Cartoon', 'Animation', 'animated cartoon', 'Television', 'Meter']"
Sbp8MmSc2kQ,9001,https://i.ytimg.com/vi/Sbp8MmSc2kQ/default.jpg,,"['Uniform', 'Police officer', 'Police', 'Cap', 'Security', 'Law enforcement', 'Official', 'Security guard', 'Military Officer']","['Peter Wang', 'Uniform', 'Dailymotion', 'Girl', 'Country music', 'Spotify', 'Girl A', 'Maren Morris', 'Bella Thorne']"
rRuifrLicbI,38376,https://i.ytimg.com/vi/rRuifrLicbI/default.jpg,HOT ONES IN,"['Facial expression', 'Smile', 'Happiness', 'Bangs', 'Bottle', 'Food']","['Hot Ones', 'Hot Ones hot sauce', 'Buffalo wing', 'Hot Sauce', 'Episode', 'create', 'Natalie Portman Pirouettes in Pain While Eating Spicy Wings', 'Teyana Taylor Battles One Hot Sauce After Another While Eating Spicy Wings', 'Sauce', 'Jessica Alba']"
wT_yPn3LfNA,60656,https://i.ytimg.com/vi/wT_yPn3LfNA/default.jpg,LADY LIKE,"['Happiness', 'Laughter', 'Love']","['Turn: Travis (Karaoke Version)', 'Tyler Hubbard', 'Amazon Music', 'The Invisible Band', 'Travis', 'IMVDb', 'The Man Who', 'Music video', 'Florida Georgia Line', 'Album']"
Xpw0ts8RTfk,1217,https://i.ytimg.com/vi/Xpw0ts8RTfk/default.jpg,ՈՐ-,"['Aerospace Engineering', 'Outer space', 'Spacecraft', 'Aircraft', 'Astronomical object', 'Advertising', 'Astronomy', 'Universe', 'Science', 'Star']","['Animation', 'Display device', 'Cartoon', 'animated cartoon', 'Computer Monitor']"
-NIP2zgVsRY,18104,https://i.ytimg.com/vi/-NIP2zgVsRY/default.jpg,,"['Gastropods', 'Insect', 'Eating', 'Mollusca', 'Reptile', 'Scaled reptiles']","['Common house gecko', 'Tropical house gecko', 'Reptiles', 'Lizards', 'Mediterranean house gecko', 'Gecko', 'Tokay gecko', 'found', 'Laughing kookaburra', 'Species']"
jDC_QZAFxKI,764,https://i.ytimg.com/vi/jDC_QZAFxKI/default.jpg,REFINERY29,"['Paper', 'Paper Product', 'Pink', 'Heart', 'Box', 'Craft', 'Love', 'Art Paper', 'Gift', 'Gift wrapping']","['Illustration', 'Drawing', 'Illustrator', 'Image', 'Digital illustration', 'Sketch', 'Doodle', 'Text', 'Photograph', 'Art']"
wtegEB9lvaA,249,https://i.ytimg.com/vi/wtegEB9lvaA/default.jpg,FAKE NICE,"['Font', 'Graphics', 'Screenshot', 'Graphic design']","['Screenshot', 'Display device', 'Meter', 'Computer Monitor']"
eIp7PYuAu0k,60869,https://i.ytimg.com/vi/eIp7PYuAu0k/default.jpg,A LIVE:,"['Furniture', 'Sitting', 'Chair', 'Television show', 'Coffee table']",['light-hearted']
BspHjvU11y4,48455,https://i.ytimg.com/vi/BspHjvU11y4/default.jpg,,"['Graphics', 'Screenshot']",[]
-HrakxB4Klo,3455,https://i.ytimg.com/vi/-HrakxB4Klo/default.jpg,,"['Headphones', 'Gadget', 'Headset', 'Peripheral']","['Grizzy & the Lemmings', 'Cartoon', 'Cartoon Network', 'Animation', 'Cartoon Network India', 'Humor', 'Cartoon Cartoons', 'Tom and Jerry', ""Weekend at Benson's"", 'Episode']"
L0xKz5TsYb0,12298,https://i.ytimg.com/vi/L0xKz5TsYb0/default.jpg,vevol,"['Facial expression', 'Happiness', 'Film']","['Screenshot', 'Snipping Tool', 'Computer', 'LEILA. GHARANI', 'Windows 10', 'Computer Monitor', 'screenshot', 'just', 'Personal computer']"
VQdKe6_3PAU,3797,https://i.ytimg.com/vi/VQdKe6_3PAU/default.jpg,,"['Facial expression', 'Cartoon', 'Fictional character', 'Happiness', 'Animation', 'Animated cartoon', 'Fiction', 'Comics', 'Video Game Software', 'Graphics']","['Cartoon', 'Comics', 'Animation', 'animated cartoon']"
XP32nDUMYS8,24415,https://i.ytimg.com/vi/XP32nDUMYS8/default.jpg,vevo,"['Facial expression', 'Pleased', 'Film']","['Photograph', 'Photography', 'Photojournalism', 'Text', 'Image', 'Photo caption', 'Fine art', 'Art', 'Camera', 'create']"
eMV_WNJkflM,7555,https://i.ytimg.com/vi/eMV_WNJkflM/default.jpg,,"['Camera', 'Cameras & optics', 'Digital camera', 'Photographer', 'Nail', 'Reflex camera', 'Single-lens reflex camera', 'Camera lens', 'Brown hair', 'Long hair']",[]
GnGPAYvve1A,47762,https://i.ytimg.com/vi/GnGPAYvve1A/default.jpg,#ProudToCreate,"['Entertainment', 'Happiness', 'Collage', 'Performing Arts', 'Advertising', 'Graphic design']",['Meter']
-35jibKqbEo,84993,https://i.ytimg.com/vi/-35jibKqbEo/default.jpg,,"['Technology', 'Graphic design', 'Graphics', 'Night', 'Star', 'Science', 'Lens flare', 'Universe']","['The Darkness', 'Darkness', 'Song', 'Lyrics', 'The Drowns', 'Darkness', 'Chanson', 'Stranger Things', 'Rock and Roll Deserves to Die', 'Stole The Show']"
08l0K3UyUXE,4123,https://i.ytimg.com/vi/08l0K3UyUXE/default.jpg,GRAMMY AW INSIDE EDITION,"['Eyebrow', 'Lips', 'Forehead', 'Hairstyle', 'Eyelash', 'Black hair', 'Model', 'Makeover', 'Film', 'Hair care']",[]
eDZKgSZ9V0Q,47445,https://i.ytimg.com/vi/eDZKgSZ9V0Q/default.jpg,,"['Electronic device', 'Gadget', 'Computer hardware', 'Flat-panel display', 'Laptop', 'Computer', 'Display device', 'Personal computer', 'Office Equipment', 'Netbook']","['Flat-panel display', 'TV', 'Display device', 'Computer Monitor', 'Liquid-crystal display', 'Computer', 'Apple Cinema Display', 'Mobile device', 'LED display', 'Video wall']"
6ZwXRnueOMg,3051,https://i.ytimg.com/vi/6ZwXRnueOMg/default.jpg,,"['Cat', 'Felinae', 'Felidae', 'Carnivores', 'Whiskers', 'Fur', 'Kitten', 'Snout', 'Asian Semi-longhair', 'Persian cat']","['Ragdoll', 'Aegean cat', 'Ragamuffin', 'Arabian Mau', 'Norwegian Forest Cat', 'British Semi-longhair', 'Ojos Azules', 'Napoleon cat', 'British Longhair', 'Persian cat']"
Wwyxaow1wWg,2,https://i.ytimg.com/vi/Wwyxaow1wWg/default.jpg,,"['Facial expression', 'Film', 'Photo caption']","['Funny meme', 'Dailymotion', 'Country music', 'Meme', 'Girl', 'first', 'Internet meme', 'The Dot Cakes', 'DistroKid']"
MyEqfBkzESU,8133,https://i.ytimg.com/vi/MyEqfBkzESU/default.jpg,,"['Eyebrow', 'Lips', 'Eyelash', 'Eye shadow', 'Makeover', 'Cosmetics', 'Mascara', 'Eye liner', 'Lipstick', 'Eyelash extensions']","['Eyeliner', 'Eyeliners', 'e.l.f. H2O Proof Eyeliner Pen', 'Eyeshadow', 'Tarte Sex Kitten Liquid Eyeliner', 'ColorStay Eyeliner Revlon', 'Skin', 'Black', 'NYX PROFESSIONAL MAKEUP Epic Ink Liner, Waterproof Liquid Eyeliner - Black , Vegan Formula', 'Tarte']"
H_4ESBLJXQc,1296,https://i.ytimg.com/vi/H_4ESBLJXQc/default.jpg,,"['Aerial photography', ""Bird's-eye view"", 'Neighbourhood', 'Residential area', 'Urban design', 'Suburb', 'Metropolis', 'Intersection', 'Cityscape', 'Road junction']","['Photography', 'Aerial photography', 'Screenshot', 'Bedrock']"
GjJKdQTD1bc,28193,https://i.ytimg.com/vi/GjJKdQTD1bc/default.jpg,,"['Blond', 'Long hair', 'Facial hair', 'Moustache', 'Happiness', 'Television show']","['Emily Blunt', 'John Krasinski', 'other', 'Definition', 'available', 'contented', 'Context', 'continual', 'Dictionary', 'Audience']"
KWDUojLbxn4,46291,https://i.ytimg.com/vi/KWDUojLbxn4/default.jpg,,"['People', 'Happiness', 'Smile', 'Facial expression', 'Tooth', 'Child', 'Fun', 'Gesture', 'Laughter', 'Love']",[]
5jmaUAvUou4,44953,https://i.ytimg.com/vi/5jmaUAvUou4/default.jpg,OMG WE'RE COMING OVER!,"['Happiness', 'Smile', 'Blond', 'Advertising', 'Photo caption', 'Laughter', 'Feathered hair', 'Step cutting']","['Photograph', 'Text', 'Image', 'Photography', 'Photojournalism', 'Photo caption', 'Subtitle', 'Camera', 'Design', 'Fine art']"
VqcHUdHQ1u8,3026,https://i.ytimg.com/vi/VqcHUdHQ1u8/default.jpg,HELPING SANTA,"['Dog', 'Carnivores', 'Dog Clothes', 'Holiday', 'Happiness', 'Canidae', 'Christmas Day', 'Dog Supply', 'Toy dog', 'Pet Supply']","['Pembroke Welsh Corgi', 'Cardigan Welsh Corgi', 'Dorgi', 'Corgi-Chihuahua', 'Welsh Corgi', 'Dog Breed', 'Herding dog', 'Chihuahua', 'Breed', 'Herding']"
s3ChukSDGRU,16856,https://i.ytimg.com/vi/s3ChukSDGRU/default.jpg,RELATED?!,"['Film', 'Hero', 'Fictional character', 'Fiction', 'Collage']","['Action', 'Only the Strong', 'Thriller', 'Action Thriller', 'Martial Arts', 'Action comedy', 'famous', 'loved']"
fNtLIcyjsnI,18992,https://i.ytimg.com/vi/fNtLIcyjsnI/default.jpg,TRAILER HD,"['Lips', 'Happiness', 'Facial expression', 'Tooth', 'Eyelash', 'Film', 'Blond', 'Laughter', 'Portrait photography', 'Television show']","['Maren Morris', 'Game Night', 'Dailymotion', 'Girl', 'create', 'Girl', 'expected', 'Country music']"
2WHcBwq2wHc,89888,https://i.ytimg.com/vi/2WHcBwq2wHc/default.jpg,MO SALAH PRANK,"['Facial expression', 'Happiness', 'Smile', 'Laughter', 'Film', 'Advertising', 'Photo caption', 'Celebrating', 'Album cover', 'Graphic design']","['Album cover', 'Cover art', 'Album', 'Phonograph record', 'Art', 'Artist', 'Gatefold', 'create', 'Quevedo', 'Design']"
HHauPi8CS4k,3910,https://i.ytimg.com/vi/HHauPi8CS4k/default.jpg,,"['Happiness', 'Child', 'Toy dog', 'Photo caption', 'Canidae']","['Animation', 'Cody Lyon', 'Inside Out 2', 'Traditional animation', 'Pixar', 'Animator', 'Animated film', 'Illustration', 'Cel']"
JJgiKhhpGvQ,3099,https://i.ytimg.com/vi/JJgiKhhpGvQ/default.jpg,,"['Formal wear', 'Event', 'Suit', 'Coat', 'White-collar worker', 'Speech', 'Necktie', 'Blazer', 'Gesture', 'Entertainment']","['other', 'Definition', 'available', 'contented', 'continual', 'Audience', 'Context', 'easy', 'Dictionary', 'Entertainment']"
rxmtHVSVjdo,215353,https://i.ytimg.com/vi/rxmtHVSVjdo/default.jpg,vevo,['Flesh'],"['Greg McLean', 'The Darkness', 'The Darkness', 'Darkness', 'Spotify', 'The Police', 'Rock and Roll Deserves to Die', 'Song', 'Album', 'Darkness']"
oRArmtMA9AI,272469,https://i.ytimg.com/vi/oRArmtMA9AI/default.jpg,,['Happiness'],"['The Darkness', 'Chordify', 'Amazon Music', 'New Thang', 'Friday Night', 'Disturbed', 'Music video', 'The Darkness', 'Redfoo', 'Radha Mitchell']"
1h7KV2sjUWY,56564,https://i.ytimg.com/vi/1h7KV2sjUWY/default.jpg,NEW True Facts ANT MUTUALISM,"['Insect', 'Arthropod', 'Ant', 'Pest', 'Hymenopterans', 'Parasitism', 'Carpenter ant', 'Macro photography']","['Oriental hornet', 'Potter wasps', 'Honey bee', 'Beetles', 'Common fruit fly', 'Dailymotion', 'Spider', 'Hornets', 'Ants', 'Weevil']"
2P6dG-csseU,8019,https://i.ytimg.com/vi/2P6dG-csseU/default.jpg,HIDING IN THE RAIN FOREST?,"['Animation', 'Animated cartoon']","['Budgerigar', 'Cockatiel', 'Green jay', 'Lovebirds', 'Domestic canary', 'Woodpeckers', 'Macaw', 'Cartoon', 'Meter', 'Atlantic canary']"
trWLY6NrS2Q,59930,https://i.ytimg.com/vi/trWLY6NrS2Q/default.jpg,HONEST TRAILERS,"['Advertising', 'Film', 'Television show']","['Honest Trailers', 'Honest Trailers Every Wes Anderson Movie', 'Album cover', 'Cover art', 'Album', 'Art', 'Phonograph record', 'Other Record Labels', 'CinemaSins', 'Every Wes Anderson Movie']"
YI3tsmFsrOg,213130,https://i.ytimg.com/vi/YI3tsmFsrOg/default.jpg,BACTERIOPHAGE,"['Graphic design', 'Graphics', 'Night', 'Animation', 'Science', 'Star', 'Screenshot']","['Fly', 'Light', 'Termite', 'Pterygota', 'Street light', 'Alate', 'Window', 'Light pollution', 'Lightwell', 'Light source']"
tTkOuNrpqWQ,6550,https://i.ytimg.com/vi/tTkOuNrpqWQ/default.jpg,,"['Electrical cable', 'Machine', 'Wire', 'Tradesman', 'Hard hat']","['Dog', 'Stallion', 'Mare', 'Licking']"
v_8TF4nv88s,14419,https://i.ytimg.com/vi/v_8TF4nv88s/default.jpg,STRANDED ON AN ISLAND,"['Recreation', 'Animation', 'Adventure', 'Barechestedness']","['Cartoon', 'Cartoon Network', 'Cartoon Cartoons', 'Animation', 'Tom and Jerry', 'YouTube', ""Weekend at Benson's"", 'create', 'Spreadshirt']"
aGl-1nwahCA,111866,https://i.ytimg.com/vi/aGl-1nwahCA/default.jpg,EW! John Cena,"['Smile', 'Blond', 'Happiness', 'Laughter', 'Television show', 'Feathered hair', 'Film']","['Jimmy Fallon', 'The Tonight Show Starring Jimmy Fallon', 'The Tonight Show', 'EW!', 'Image', 'create', 'John Cena', 'Ew!', 'Saturday Night Live', 'Justin Timberlake']"
HAGnqSKtn3s,89200,https://i.ytimg.com/vi/HAGnqSKtn3s/default.jpg,YouTube ? ? ?,"['Facial expression', 'Happiness', 'Selfie']","['Animation', 'The Big Trip', 'Cartoon', 'Animated film', 'animated cartoon', 'funny', 'Humor', 'Cartoon Network India', 'Videogyan', 'Tom and Jerry']"
oDYoV8-9v10,30068,https://i.ytimg.com/vi/oDYoV8-9v10/default.jpg,STUCK,"['Volcanic plug', 'Triangle']","['JPEG', 'Image', 'Monochrome', 'Computer file', 'Drawing', 'Pixel', 'Information', 'Antimatter', 'Album', 'Mumford & Sons']"
pKW-ZgBl9eU,45965,https://i.ytimg.com/vi/pKW-ZgBl9eU/default.jpg,,"['People', 'Hat', 'Fan', 'Happiness', 'Cap', 'Gesture', 'Baseball cap', 'Laughter', 'Photobombing', 'Cheering']",['Selfie']
7VC4zX1vDE4,26307,https://i.ytimg.com/vi/7VC4zX1vDE4/default.jpg,BEDTIME WITH BABISH,"['Eyewear', 'Facial hair', 'Beard', 'Moustache', 'Photo caption']","['Photograph', 'create', 'future', 'Image', 'Relevant', 'combined', 'succeeding', 'Health', 'Massage', 'MAKE Wellness']"
K1uiJIl614c,682,https://i.ytimg.com/vi/K1uiJIl614c/default.jpg,BILLY EICHNER,"['News', 'Television presenter', 'White-collar worker', 'Necktie', 'Television show', 'Display device', 'Businessperson', 'Photo caption', 'Advertising']","['Jerrod Carmichael', '2017', 'Speech', 'Interview', 'June', 'Episode', 'June 19', 'Seth Meyers']"
WmYCUljsrDg,8034,https://i.ytimg.com/vi/WmYCUljsrDg/default.jpg,,"['Wood', 'Hut', 'Roof', 'Shack', 'Shed', 'Cottage', 'House', 'Log cabin', 'Rural area', 'Hardwood']","['Log cabin', 'Cottage', 'Cob', 'Wood', 'Forest', 'Lumber', 'Construction', 'Building', 'Hut', 'logs']"
M0kcLjxoYS8,105825,https://i.ytimg.com/vi/M0kcLjxoYS8/default.jpg,,"['Facial expression', 'Animation', 'Happiness', 'Animated cartoon', 'Fictional character', 'Film', 'Television show', 'Screenshot', 'Fiction', 'Photo caption']",['light-hearted']
qIkuNJPtfw4,19458,https://i.ytimg.com/vi/qIkuNJPtfw4/default.jpg,,"['Smile', 'Happiness', 'Facial expression', 'Food', 'Junk food', 'Finger food', 'Advertising', 'Fast food', 'Food craving']","['Maren Morris', 'Bella Thorne', 'Dailymotion', 'YouTube', 'Girl', 'Girl', 'Song']"
S9KxqRUcnCU,807408,https://i.ytimg.com/vi/S9KxqRUcnCU/default.jpg,,['Sports venue'],"['Snow', 'Winter storm', 'Weather', 'Winter storm warning', 'Severe weather', 'Winter', 'Storm', 'Cold', 'Meteorologist', 'Weather forecasting']"
_hMQe2U4c6w,306788,https://i.ytimg.com/vi/_hMQe2U4c6w/default.jpg,vevo,"['Film', 'Television show']","['Screenshot', 'Computer Keyboard', 'Print Screen', 'Snipping Tool', 'Keyboard shortcut', 'Computer', 'screenshot', 'Windows 10', 'Kevin STRATVERT', 'Windows key']"
HD5PT7bvcis,4212,https://i.ytimg.com/vi/HD5PT7bvcis/default.jpg,ear,"['Happiness', 'Photo caption']","['Album cover', 'Album']"
ejlD0Sg-8ig,56728,https://i.ytimg.com/vi/ejlD0Sg-8ig/default.jpg,2017 TRENDS GO AWAY,"['Eyewear', 'Glasses', 'Vision Care', 'Sunglasses', 'Goggles', 'Collage', 'Photo caption']","['Photo caption', 'Subtitle']"
4LlQwTgB5Rc,4873,https://i.ytimg.com/vi/4LlQwTgB5Rc/default.jpg,DEMATTHEWS BAND,"['White', 'Sketch', 'Line art']","['NPR', 'Musical ensemble', 'Monochrome', 'Mumford & Sons', 'Antimatter', 'Dave Matthews Band', 'Color', 'Album', 'Art', 'Image']"
O5GhCbhGWQ0,17443,https://i.ytimg.com/vi/O5GhCbhGWQ0/default.jpg,8 KITCHEN GADGETS TEST,"['Fruit', 'Food', 'Produce', 'Tableware', 'Kitchen utensil', 'Ingredient', 'Melon', 'Cutlery', 'Mukimono', 'Garnish']","['Yellow pepper', 'Superfood', 'Natural food']"
8jp3SxojXpU,1454,https://i.ytimg.com/vi/8jp3SxojXpU/default.jpg,,"['Traffic collision', 'Collision', 'Earthquake', 'List of nonbuilding structure types', 'Scrap', 'Bridge', 'Hazard', 'Highway', 'Sinkhole', 'Overpass']","['Helicopter', 'Aircraft', 'Train', 'Airplane', 'Eurocopter UH-72 Lakota', 'Flight', 'Bell 407', 'Utility helicopter', 'National Express West Midlands']"
T3-BzlYEhQA,12107,https://i.ytimg.com/vi/T3-BzlYEhQA/default.jpg,,"['Stadium', 'Sports venue', 'Arena', 'Dome', 'Night']","['The Darkness', 'Darkness', 'Spotify Camp Nou', 'The Police', 'Rock and Roll Deserves to Die', 'Album', 'Easter Is Cancelled', 'Rock Escalofriante Para Escuchar Este Halloween', 'Song', 'Lyrics']"
rZQepOFnYi8,32895,https://i.ytimg.com/vi/rZQepOFnYi8/default.jpg,DRIVE THRU IMPRESSIONS,"['Happiness', 'Driving', 'Photo caption', 'Screenshot', 'Kit car']","['Photograph', 'Photography', 'Photojournalism', 'Image', 'Text', 'Cartoon', 'Photo caption', 'Fine art', 'Composition', 'Subtitle']"
FwENtwtY0EI,68910,https://i.ytimg.com/vi/FwENtwtY0EI/default.jpg,,"['Food', 'Ingredient', 'Produce', 'Candy', 'Mixture', 'Recipe', 'Junk food', 'Vegetarian cuisine', 'Comfort food', 'Fast food']","['Pepperoni', 'Italian cuisine', 'Pizza', 'American cuisine', 'Salami', 'Sicilian pizza', 'Vegetarian cuisine', 'Bell pepper', 'Sausage', 'Cooking']"
4-flcAEK0QI,2135,https://i.ytimg.com/vi/4-flcAEK0QI/default.jpg,HUDSON MOORE,"['Chordophone', 'Guitar', 'Guitarist', 'Plucked string instrument', 'String instrument', 'Musical instrument', 'Musician', 'Acoustic guitar', 'Folk instrument', 'Vacation']","['Quevedo', 'Album cover', 'Cover art', 'Album', 'Art', 'Phonograph record', 'Artist', 'Gatefold', 'Design', 'famous']"
UZ47aQFp2TQ,34692,https://i.ytimg.com/vi/UZ47aQFp2TQ/default.jpg,WALMART YODEL BOY,"['Child', 'Happiness', 'Toddler']",['Meter']
VfAOl67WcLY,35257,https://i.ytimg.com/vi/VfAOl67WcLY/default.jpg,,"['Happiness', 'Event', 'Smile', 'Party', 'Fun', 'Entertainment', 'Thumb', 'Gesture', 'Laughter', 'Ceremony']",[]
mlJGtSg5oRw,56636,https://i.ytimg.com/vi/mlJGtSg5oRw/default.jpg,,"['Carbon fibers', 'Aircraft']","['Sitting', 'Health', 'Posture', 'Ergonomics', 'Human body', 'available', 'Foot', 'unavailable', 'just', 'important']"
vgX5M1eVhyw,1187,https://i.ytimg.com/vi/vgX5M1eVhyw/default.jpg,bon appétit,"['Food', 'Ingredient', 'Cooking', 'Finger food', 'Baking', 'Recipe', 'Dessert', 'Cookies and Crackers', 'Comfort food', 'Breakfast']","['Chocolate chip cookie', 'Peanut butter cookie', 'Oatmeal ball', 'Chocolate chip', 'Chocolate', 'Soft chocolate chip cookies', 'Cookie', 'Oat', 'Dessert', 'Snack']"
Z2ttpo7c95s,4591,https://i.ytimg.com/vi/Z2ttpo7c95s/default.jpg,NIGHTLY NEWS,"['Volcano', 'Flame', 'Fire', 'geological phenomenon', 'Heat', 'Lava', 'Volcanic landform', 'Fissure vent', 'Smoke', 'Types of volcanic eruptions']",['Screenshot']
3mRjN1Focog,4486,https://i.ytimg.com/vi/3mRjN1Focog/default.jpg,,"['Facial hair', 'Beard', 'Forehead', 'Moustache', 'Jaw', 'Facial expression', 'Happiness', 'Tooth', 'Guru', 'Gesture']","['Photograph', 'Image', 'Photography', 'Photojournalism', 'Text', 'Photo caption', 'Subtitle', 'Camera', 'Design', 'Composition']"
lVudO9x8fbQ,232448,https://i.ytimg.com/vi/lVudO9x8fbQ/default.jpg,billboard,"['Jacket', 'Film', 'Collage', 'Collection']","['Event management', 'Event management software', 'J Low Events', 'Festival', 'Guide', 'Eventbrite', 'create', 'Ticket', 'Music Festival']"
9POblaMln4Q,44657,https://i.ytimg.com/vi/9POblaMln4Q/default.jpg,TYPES PEOPLE,"['Physical fitness', 'Exercise', 'Happiness', 'Muscle', 'Professional fitness coach', 'Sports bra', 'Training', 'Balance', 'Active Tank', 'Hip']","['Animation', 'animated cartoon', 'Cartoon']"
0nybdPCuvRI,2462,https://i.ytimg.com/vi/0nybdPCuvRI/default.jpg,CAVS,"['Sports Uniform', 'Player', 'Jersey', 'Sleeveless shirt', 'Sportswear', 'Facial hair', 'Sports', 'Beard', 'Basketball player']","['Bucky Brooks', 'just', 'create', 'available', 'contented', 'connect', 'NFL Network', 'Definition', 'Fact']"
LN-m0Ci8MZ8,47445,https://i.ytimg.com/vi/LN-m0Ci8MZ8/default.jpg,,"['Natural material', 'Design', 'Hardwood', 'Spiral', 'Craft']","['Buttercream', 'Buttercream', 'Icing', 'Vanilla', 'Whipping cream', 'Cream', 'Chelsweets', 'Butter', 'Tablespoon', 'Icing Sugar']"
Hq89wYzOjfs,281,https://i.ytimg.com/vi/Hq89wYzOjfs/default.jpg,Jeff and Mark Bezos,"['Furniture', 'Sitting', 'Television show', 'Interview', 'Debate', 'Spokesperson', 'Television presenter']",['Animation']
Ept29ceiVfk,44868,https://i.ytimg.com/vi/Ept29ceiVfk/default.jpg,FUNGLE DRIE,"['Film', 'Action', 'Security', 'Photo caption']","['Uncle Drew', 'Photograph', 'Photography', 'Image', 'Photojournalism', 'Text', 'Film frame', 'Photo caption', ""Shaquille O'Neal"", 'Subtitle']"
gfmXCAwBkCE,4008,https://i.ytimg.com/vi/gfmXCAwBkCE/default.jpg,LIVE!,"['Facial expression', 'Happiness', 'Night', 'Afro', 'Television show', 'Laughter']","['Maren Morris', 'Girl', 'Dailymotion', 'opening', 'Girl', 'Country music', 'Curzon']"
cUa93K56cc0,36987,https://i.ytimg.com/vi/cUa93K56cc0/default.jpg,HONEY ROASTED CARROTS,"['Produce', 'Ingredient', 'Carrot', 'Food', 'Vegetable', 'Natural foods', 'Root Vegetables', 'Superfood', 'Staple food', 'Wild carrot']","['Breadstick', 'Baguette', 'Baking', 'Bread', 'Dessert', 'Butter', 'Ingredient', 'Garlic', 'Flour', 'Dough']"
YbQ-NgaCntk,3515,https://i.ytimg.com/vi/YbQ-NgaCntk/default.jpg,LIP SYNC BATTLE PREVIEW,"['Entertainment', 'Performing Arts', 'Performance', 'Dance', 'Pop music', 'Song', 'Talent show']","['other', 'Definition', 'Dictionary', 'available', 'contented', 'continual', 'Audience', 'Context', 'easy', 'Entertainment']"
Zo9rgbn0SMs,61576,https://i.ytimg.com/vi/Zo9rgbn0SMs/default.jpg,,"['Facial expression', 'Animation', 'Graphics', 'Fictional character', 'Animated cartoon', 'Fiction']","['Visual Arts Center of Richmond', 'Visual Arts', 'Art', 'Performing arts', 'The arts', 'Visual arts education', 'Graphic design', 'Design', 'Performance art', 'Painting']"
JDK3l9TmwAo,2557,https://i.ytimg.com/vi/JDK3l9TmwAo/default.jpg,TOP 10,"['Number', 'Logo']","['Road', 'Meter', 'Traffic sign']"
MinKIBZv2-k,238,https://i.ytimg.com/vi/MinKIBZv2-k/default.jpg,,"['Dog', 'Canidae']","['The Darkness', 'Friday Night', 'Amazon Music', 'Disturbed', 'Permission to Land', 'Believe', 'Song', 'Greg McLean', 'Kevin Bacon', 'Radha Mitchell']"
Ob48twC1yf8,26482,https://i.ytimg.com/vi/Ob48twC1yf8/default.jpg,,"['Furniture', 'Display device', 'Television show', 'News', 'Conversation', 'Living room', 'Television presenter', 'Couch', 'Daybed', 'Television']","['Rat Terrier', 'Terrier', 'Rat', 'Ratter', 'Dog Breed', 'farm dog', 'Breed', 'American Kennel Club', 'American Standard Dog Training', 'Dogumentary TV']"
10fjaHpOeWo,4774,https://i.ytimg.com/vi/10fjaHpOeWo/default.jpg,,"['Event', 'Entertainment', 'Dress', 'Formal wear', 'Performing Arts', 'Bridal Clothing', 'Gown', 'Performance', 'Bride', 'Public event']","['Bride', 'Movie theater', 'Trailer', 'Wedding Dress', 'future', 'Wedding', 'Cinemark Theatres', 'Trailer music', 'Wedding reception']"
5SuDuzAtUwA,2596,https://i.ytimg.com/vi/5SuDuzAtUwA/default.jpg,,"['Motor vehicle', 'Car', 'Automotive Wheel System', 'Subcompact car', 'Car door', 'Hatchback', 'Hubcap', 'City car', 'Alloy wheel', 'Automotive Side-View Mirror']","['2016 FIAT 500', 'Fiat S.p.A.', 'Car', 'MINI', 'Mini E', 'Abarth', 'FIAT', 'Hatchback', 'Fiat New 500']"
RF-Mqs2qC-M,221136,https://i.ytimg.com/vi/RF-Mqs2qC-M/default.jpg,Open Door,"['Sleeve', 'Active Shirt', 'Happiness', 'Beard', 'Long-sleeved T-shirt']","['Zedd', 'Girl', 'Country music', 'Electronic dance music', 'Clarity', 'Song', 'Dailymotion', 'Girl', 'Maren Morris']"
wxd-5OIngDw,102,https://i.ytimg.com/vi/wxd-5OIngDw/default.jpg,abc NEWS,"['News', 'Television show', 'Television presenter', 'Screenshot']","['Screenshot', 'Snipping Tool', 'Kevin STRATVERT', 'Windows 10', 'Computer', 'LEILA. GHARANI', 'Computer Monitor', 'screenshot', 'Digital image']"
oCAbvclXL6I,10780,https://i.ytimg.com/vi/oCAbvclXL6I/default.jpg,,"['Eyebrow', 'Lips', 'Hairstyle', 'Facial expression', 'Eyelash', 'Blond', 'Long hair', 'Smile', 'Layered hair', 'Makeover']",['Blond']
wSwewlSkIXU,23461,https://i.ytimg.com/vi/wSwewlSkIXU/default.jpg,FIVE FINGER DEATH PUNCH vevo,"['Advertising', 'Photo caption', 'Film']",['Meter']
2afSbqlp5HU,3128,https://i.ytimg.com/vi/2afSbqlp5HU/default.jpg,NEWS,"['Hero', 'Fictional character', 'Film', 'Action', 'Superhero', 'PC game', 'Animation', 'Digital compositing']","['Screenshot', 'Snipping Tool', 'Windows 10', 'Computer Monitor', 'Computer', 'LEILA. GHARANI', 'Personal computer', 'screenshot', 'Operating System']"
whwUlzuLfs4,2716,https://i.ytimg.com/vi/whwUlzuLfs4/default.jpg,THE BOBBY BONES SHOW,"['Audio equipment', 'Electronic device', 'Entertainment', 'Headphones', 'Gadget', 'Hearing', 'Headset', 'Singing', 'Song', 'Performance']","['Screenshot', 'Disc jockey']"
v7H_Or9Nr5I,225761,https://i.ytimg.com/vi/v7H_Or9Nr5I/default.jpg,LUCAS SPIDER GIANT,"['Happiness', 'Animation', 'Film', 'Animated cartoon', 'Pest']","['Slow loris', 'Pygmy slow loris', 'Great grey owl', 'Owl', 'Gopher', 'Grasshopper mouse', 'Groundhog', 'Meerkat', 'Beaver', 'Cheetah']"
vZJXXguLysI,78,https://i.ytimg.com/vi/vZJXXguLysI/default.jpg,,"['Happiness', 'Facial expression', 'Love', 'Leisure', 'Gesture', 'Romance', 'Laughter']",[]
v6d1rShfyZk,2,https://i.ytimg.com/vi/v6d1rShfyZk/default.jpg,,"['Electronic device', 'Display device', 'Technology', 'Screenshot', 'Multimedia', 'Website', 'Software', 'Flat-panel display', 'Web page', 'Communication Device']","['LED-backlit LCD', 'Digital display advertising', 'Television', 'Cable television', 'Light-emitting diode', 'Liquid-crystal display', 'Backlight', 'Display device']"
CX11yw6YL1w,264867,https://i.ytimg.com/vi/CX11yw6YL1w/default.jpg,vevo,"['Jewellery', 'Body Jewelry', 'Necklace', 'Earring', 'Song']","['Blond', 'Human hair color', 'Hair', 'Color', 'Dye', 'eumelanin', 'Pigment', 'Gold', 'Guide', 'Academic Kids']"
K6xwB8Kkce0,172081,https://i.ytimg.com/vi/K6xwB8Kkce0/default.jpg,vevo,"['Musical instrument', 'String instrument', 'Chordophone', 'Plucked string instrument', 'Guitar', 'Guitarist', 'Music', 'Musician', 'Entertainment', 'Performing Arts']","['Greg McLean', 'Billie Eilish: Billie Bossa Nova', 'The Darkness', 'The Police', 'Darkness', 'Album', 'Spotify', 'Music video', 'Song', 'Chord']"
9O5PhuW927w,72888,https://i.ytimg.com/vi/9O5PhuW927w/default.jpg,,"['Car', 'Automotive lighting', 'Car door', 'Bumper', 'Fender', 'Alloy wheel', 'Windshield', 'Personal luxury car', 'Automotive Mirror', 'Luxury vehicle']","['Mazdaspeed3', 'Mazda3', 'Car', 'Mazda Motor Corporation', 'Sports car', 'SUV', 'Hot hatch', 'Hatchback', 'Mazdaspeed']"
GTSjDaoZcAk,9756,https://i.ytimg.com/vi/GTSjDaoZcAk/default.jpg,,"['Lips', 'Facial expression', 'Eyelash', 'Pixie cut', 'Gesture', 'Body piercing', 'Portrait photography', 'Cosmetics']",[]
hahlygBa6yQ,17554,https://i.ytimg.com/vi/hahlygBa6yQ/default.jpg,,"['Food', 'Ingredient', 'Finger food', 'Culinary arts', 'Recipe', 'Condiment', 'Fast food', 'Comfort food', 'Breakfast', 'Dessert']","['Banoffee pie', 'Key lime pie', 'Cheesecake', 'Cupcake', 'Bakewell tart', 'Muffin', 'Bread pudding', 'Cream', 'Pie', 'Royal icing']"
fbL1ZoAQgUU,7869,https://i.ytimg.com/vi/fbL1ZoAQgUU/default.jpg,,"['Outer space', 'Astronomical object', 'Meteoroid', 'Universe', 'Astronomy', 'Night', 'Comet', 'Star', 'Science', 'Galaxy']","['Earth', '3I/ATLAS', 'Interstellar object', 'ʻOumuamua', 'Comet', 'Asteroid', 'Solar System', 'Vera C. Rubin Observatory', 'Asteroid Terrestrial-impact Last Alert System', 'Celestial Object']"
h5XzGyjEkkc,27343,https://i.ytimg.com/vi/h5XzGyjEkkc/default.jpg,,"['Dog', 'Carnivores', 'Street dog', 'Canidae', 'Working animal', 'Rare dog breed']","['Tamaskan Dog', 'Alaskan Malamute', 'Czechoslovakian Wolfdog', 'Siberian Husky', 'Canadian Inuit Dog', 'Greenland Dog', 'Saarlooswolfdog', 'Labrador Husky', 'Wolfdog', 'Dog Breed']"
2jSWMme12ik,3673,https://i.ytimg.com/vi/2jSWMme12ik/default.jpg,THE KENTKOKY DERBY NBC FULL RACE,"['Horse', 'Bridle', 'Animal sports', 'Horse tack', 'Jockey', 'Halter', 'Horse Supplies', 'Rein', 'equestrian sport', 'Working animal']","['Screenshot', 'Snipping Tool', '2025 Kentucky Derby', 'screenshot', 'Computer Monitor', 'Windows 10', 'Computer', 'just', 'Personal computer']"
6tiphMs-dCY,49594,https://i.ytimg.com/vi/6tiphMs-dCY/default.jpg,,"['People', 'Smile', 'Happiness', 'Shirt', 'Social group', 'Community', 'Leisure', 'Family reunion', 'Family', 'Family pictures']",[]
V84c6CqZ3dE,17118,https://i.ytimg.com/vi/V84c6CqZ3dE/default.jpg,,"['People in nature', 'Bicycle', 'Bicycle tire', 'Bicycle frame', 'Bicycle wheel', 'Bicycles--Equipment and supplies', 'Bicycle Wheel Rim', 'Sunglasses']","['Canoe', 'light-hearted', 'Canoe polo', 'Polo', 'Jet ski', 'Water polo', 'Watercraft']"
nQ1aD_3igFE,73,https://i.ytimg.com/vi/nQ1aD_3igFE/default.jpg,,[],"['Cartoon', 'Animation', 'Cartoon Cartoons', 'Episode', 'Cartoon Network', 'Tom and Jerry', 'animated cartoon', 'Cartoon Network India', 'Humor']"
0QDjTwsEeE0,9338,https://i.ytimg.com/vi/0QDjTwsEeE0/default.jpg,REVERSED ORIGINAL SONG SONG,"['Facial hair', 'Beard', 'Facial expression', 'Happiness', 'Moustache', 'Bow tie', 'Laughter']",['Meter']
WemDKlmMAIs,2950,https://i.ytimg.com/vi/WemDKlmMAIs/default.jpg,CAL TRAILER CFilms,['Conversation'],"['Paul Dano', 'Wildlife', 'Jake Gyllenhaal', 'There Will Be Blood', 'Actor', 'Film director', 'Independent Film Company', 'future', 'Wildlife', 'loved']"
vOKOamXsXYE,13066,https://i.ytimg.com/vi/vOKOamXsXYE/default.jpg,vevo,[],[]
cpGA0azFdCs,61206,https://i.ytimg.com/vi/cpGA0azFdCs/default.jpg,,"['Facial expression', 'Song', 'Singing']",['Screenshot']
MfVetou0ERY,46960,https://i.ytimg.com/vi/MfVetou0ERY/default.jpg,,['Graphic design'],"['Screenshot', 'Snipping Tool', 'Windows 10', 'Computer Monitor', 'Computer', 'screenshot', 'just', 'interesting', 'Operating System']"
CTFZoz-mB5k,13946,https://i.ytimg.com/vi/CTFZoz-mB5k/default.jpg,Nursery Reveal!,"['Dress', 'Bridal Clothing', 'Bride', 'Gown', 'Wedding dress', 'Photo shoot', 'One-piece garment', 'Haute couture', 'Bridal Party Dress', 'Linens']","['Wedding Dress', 'Wedding', 'Bride', 'Dress', 'Meter']"
Hgiu9cqph5Y,111917,https://i.ytimg.com/vi/Hgiu9cqph5Y/default.jpg,Kitche,"['Cat', 'Food', 'Felinae', 'Carnivores', 'Felidae', 'Sushi', 'Ingredient', 'Finger food', 'Culinary arts', 'Recipe']","['Fried egg', 'Sushi', 'Japanese Cuisine', 'Ham', 'Crispy egg', 'Egg', 'Salad', 'Frying', 'Deep-fried egg', 'Egg fried rice']"
Hndpk6A4VcE,4823,https://i.ytimg.com/vi/Hndpk6A4VcE/default.jpg,,"['Flag of the United States', 'Happiness', 'Veterans Day', 'Flag Day']","['Flag of the United States', 'United States', 'Flag', 'Continental Union Flag', 'National flag', 'Symbol', 'Red Ensign', 'history of the United States', 'History']"
8I_uK7WBbjI,30014,https://i.ytimg.com/vi/8I_uK7WBbjI/default.jpg,,"['Pink', 'Eye shadow', 'Cosmetics', 'Makeover', 'Personal care', 'Nail', 'Advertising']","['Maren Morris', 'Girl', 'Girl', 'Country music', 'Girl', 'Dailymotion', 'YouTube']"
j6X6PhexHnE,25653,https://i.ytimg.com/vi/j6X6PhexHnE/default.jpg,,"['Facial hair', 'Facial expression', 'Moustache', 'Tooth', 'Happiness', 'Beard', 'Selfie', 'Throat']","['Photo caption', 'Subtitle']"
jiZfc0b2t3Q,8020,https://i.ytimg.com/vi/jiZfc0b2t3Q/default.jpg,Adam Dunn hated to run. SECRET BASE DORKTOWN,"['Video Game Software', 'News', 'Photo caption', 'Screenshot', 'Sports venue', 'College softball', 'Baseball field', 'Bat-and-ball games']","['Car', 'Sports car', 'Baseball', 'Baseball field', 'Screenshot', 'Meter']"
gs-iqvX6pOA,27573,https://i.ytimg.com/vi/gs-iqvX6pOA/default.jpg,,"['Eyelash', 'Blond', 'Long hair', 'Cosmetics', 'Silver', 'Makeover', 'Nail', 'Layered hair', 'Personal care', 'Hair coloring']","['Maren Morris', 'Dailymotion', 'YouTube', 'Girl', 'Girl', 'Song', 'Bella Thorne']"
d6mBbyb-vIA,1550,https://i.ytimg.com/vi/d6mBbyb-vIA/default.jpg,CLAIRE DANES EXTE bert,"['Facial expression', 'News', 'Blond', 'Long hair', 'Television show', 'Television presenter', 'Feathered hair']","['Television', 'Broadcasting', 'Journalist', 'Radio', 'Radio station', 'NPR', 'Host', 'TV show host', 'past', 'WNYW']"
oX4YCoO6tK4,66588,https://i.ytimg.com/vi/oX4YCoO6tK4/default.jpg,Colo,"['Pink', 'Nail', 'Plastic', 'Personal care']",[]
PrNRtC3XfWk,9484,https://i.ytimg.com/vi/PrNRtC3XfWk/default.jpg,TTO west elm,"['Silver', 'Brass', 'Natural material', 'Gift', 'Gift wrapping', 'Nickel', 'Sphere']","['Earring', 'Meter']"
NnpyRKfAyik,5322,https://i.ytimg.com/vi/NnpyRKfAyik/default.jpg,,"['Eyewear', 'Cat', 'Glasses', 'Vision Care', 'Felidae', 'Felinae', 'Vertebrate', 'Facial expression', 'Carnivores', 'Whiskers']","['Dogo Argentino', 'Argentina', 'Dogo', 'Licking', 'Dog', 'Argentines']"
rz4Dd1I_fX0,51684,https://i.ytimg.com/vi/rz4Dd1I_fX0/default.jpg,TUPDATED PERIODIC Ta BLE SONG,['Graphic design'],['Meter']
EP06RO4INws,3505,https://i.ytimg.com/vi/EP06RO4INws/default.jpg,QUARTZ,['Triangle'],"['Middle Ages', 'Medieval architecture', 'Architecture', 'Brutalist architecture', 'House']"
_ASpoeFRTZ0,12985,https://i.ytimg.com/vi/_ASpoeFRTZ0/default.jpg,NO BONES? B,[],"['Poster', 'Cartoon', 'Screenshot', 'Meter']"
UJIo1AtoTss,17766,https://i.ytimg.com/vi/UJIo1AtoTss/default.jpg,vevo,"['Eyewear', 'Glasses', 'Vision Care', 'Sunglasses', 'Jacket', 'Monochrome photography', 'Goggles', 'Facial hair', 'Beard', 'Monochrome']","['Monochrome photography', 'Monochrome', 'Black and white', 'Image', 'Color', 'Photography', 'Photograph', 'Hue', 'unclear', 'Art']"
t8a8EFMAuSU,11522,https://i.ytimg.com/vi/t8a8EFMAuSU/default.jpg,,"['Television presenter', 'News', 'Suit', 'White-collar worker', 'Spokesperson', 'Necktie', 'Television show', 'Logo', 'Official', 'Speech']","['Vince McMahon', 'WWE', 'XFL', 'WWE', 'Professional wrestling', 'Wrestling Promoter', 'Chief Executive Officer', 'used', 'other']"
-37nIo_tLnk,2,https://i.ytimg.com/vi/-37nIo_tLnk/default.jpg,,"['Sports', 'Sports venue', 'Tournament', 'Field house', 'Display device', 'Fan', 'Stadium', 'Game', 'Basketball', 'Basketball player']","['Acrobatics', 'Statue', '5hy']"
zEf423kYfqk,1237711,https://i.ytimg.com/vi/zEf423kYfqk/default.jpg,,"['Lips', 'Black hair', 'Beauty', 'Jewellery', 'Eyelash', 'Earring', 'Strapless dress', 'Necklace', 'Long hair', 'Fashion Model']","['Becky G', 'Sin Pijama', 'Fifth Harmony', 'YouTube Music', ""That's My Girl"", 'Reggaeton', 'YouTube', 'Song', 'Musician']"
VFreC_yfQqs,7,https://i.ytimg.com/vi/VFreC_yfQqs/default.jpg,,"['Event', 'Fire', 'Flame', 'Smoke', 'Wildfire', 'Heat', 'Pollution', 'Explosion', 'Night', 'Hazard']",['Explosion']
Lok8svIS218,6303,https://i.ytimg.com/vi/Lok8svIS218/default.jpg,NOT MY FACE!,"['Facial expression', 'Eyelash', 'Blond', 'Happiness', 'Step cutting', 'Lipstick', 'Cosmetics', 'Hair coloring']","['Blond', 'Meter']"
4GZBn4_SfQQ,1910,https://i.ytimg.com/vi/4GZBn4_SfQQ/default.jpg,,"['Bird', 'Beak', 'Seabird', 'Penguin', 'Flightless bird', 'Gannets', 'Shorebirds']","['Hummingbirds', 'Emperor penguin', 'Penguins', 'Birds', ""Anna's hummingbird"", 'Ruby-throated hummingbird', 'Southern giant hummingbird', 'Short-beaked common dolphin', 'Bird Feeder', 'other']"
L4pkD78oKSo,5758,https://i.ytimg.com/vi/L4pkD78oKSo/default.jpg,JUSTIFY WINS TRIPLE CROWN NBC,"['Fan', 'Photo caption']","['Animation', 'The Big Trip', 'Cartoon', 'animated cartoon', 'Animated film', 'funny', 'Cartoon Network India', 'Humor', 'Tom and Jerry', 'Videogyan']"
Ml9v3wHLuWI,256990,https://i.ytimg.com/vi/Ml9v3wHLuWI/default.jpg,,"['Happiness', 'Leisure', 'Love', 'Holiday', 'Vacation', 'Honeymoon', 'Romance']","['Brian Nhira', 'Keyshia Cole', 'Keyshia Cole: Love (Alt. Version)', 'Music video', 'Love', 'Dailymotion', 'Love, Love', 'Love song']"
W-FxnLAnlGg,1617,https://i.ytimg.com/vi/W-FxnLAnlGg/default.jpg,,"['Gesture', 'Fan', 'Sports venue']",['Screenshot']
S7kG641iA_g,4389,https://i.ytimg.com/vi/S7kG641iA_g/default.jpg,RISE V,['Cap'],"['Gentleman', 'Gentleman', 'Mind of a Genius', 'The Gentlemen', 'kinocheck.com', 'Will Jay', 'Will Jay', 'Trailer', 'Large hands', 'create']"
wQFsKrYLd10,5007,https://i.ytimg.com/vi/wQFsKrYLd10/default.jpg,,"['Lips', 'Eyelash', 'Pink', 'Blond', 'Long hair', 'Layered hair', 'Brown hair', 'Selfie', 'Step cutting', 'Hair coloring']","['Maren Morris', 'Bella Thorne', 'Dailymotion', 'Girl', 'Girl', 'Girl', 'Country music', 'Filmmaking']"
f04asn4oe4Q,55637,https://i.ytimg.com/vi/f04asn4oe4Q/default.jpg,,"['Food', 'Living room', 'Couch', 'Recipe', 'Junk food', 'Comfort food', 'Finger food']","['Mofletta', 'Boerewors']"
kSuaykdvl4I,39041,https://i.ytimg.com/vi/kSuaykdvl4I/default.jpg,,"['Machine', 'Engineering', 'Factory', 'Mechanic', 'Industry', 'Steel', 'Auto mechanic', 'Science']","['Troy Siahaan', 'Motorcycle', 'Types of motorcycles', 'Brake Free USB-C', 'Yamaha Motor Company', 'Motorcycling', 'BETA', 'calimoto GmbH', 'ready', 'Bike']"
SO0HTI8QuQU,8069,https://i.ytimg.com/vi/SO0HTI8QuQU/default.jpg,,[],['Screenshot']
_KBc4B5JFoQ,20314,https://i.ytimg.com/vi/_KBc4B5JFoQ/default.jpg,LOVE vevo,"['Text', 'Neon', 'Font', 'Electronic signage', 'Neon sign', 'Pink', 'Night', 'Design', 'Visual Effect Lighting', 'Sign']","['Light', 'Neon Sign', 'Neon lighting', 'Meter']"
JzA097DmNTI,681,https://i.ytimg.com/vi/JzA097DmNTI/default.jpg,,"['Aviation', 'Aircraft pilot', 'Headphones', 'Military Person', 'Helicopter Pilot', 'Aerospace Engineering', 'Headset', 'Aircraft', 'Air force', 'Army']","['Sports car', 'Car', 'SUV', 'Doug DeMuro', 'Compact car', 'Electric vehicle', 'Automotive industry', 'Crossover SUV', 'Hybrid vehicle']"
QDk-xa1oBXw,7554,https://i.ytimg.com/vi/QDk-xa1oBXw/default.jpg,GRAPEFRUIT STEAK,"['Food', 'Ingredient', 'Meat', 'Fried food', 'Produce', 'Recipe', 'Comfort food', 'Cooking', 'Chicken', 'Fast food']","['Piccata', 'Scaloppine', 'Italian cuisine', 'Schnitzel', 'Cotoletta', 'Chicken piccata', 'Pork piccata', 'Fish piccata', 'Chicken Piccata', 'Chicken']"
azFsk42kb5E,28033,https://i.ytimg.com/vi/azFsk42kb5E/default.jpg,VANITY FAIR,"['Facial expression', 'Facial hair', 'Moustache', 'Gesture', 'Beard', 'Collage', 'Nail', 'Screenshot']","['Maren Morris', 'Dailymotion', 'Girl', 'Girl', 'Girl', 'Country music', 'Filmmaking', 'Curzon']"
DbJ2s_g1oDc,22491,https://i.ytimg.com/vi/DbJ2s_g1oDc/default.jpg,LIFE HACKS,"['Facial expression', 'Happiness', 'Smile', 'Screenshot', 'Collage']","['Cartoon', 'Television', 'Animation', 'animated cartoon', 'Meter']"
ar8S6virCwM,15468,https://i.ytimg.com/vi/ar8S6virCwM/default.jpg,n A DAY IN THE LE OT ANCIENT ATHENIAN,['Poster'],"['Cartoon', 'Tom and Jerry', 'Animation', 'Cartoon Network India', 'Cartoon Network', 'YouTube', 'animated cartoon', 'Episode', 'Relax Bear']"
1csFTDXXULY,12803,https://i.ytimg.com/vi/1csFTDXXULY/default.jpg,CAN YOU SOLVE THE FALSE POSITIVE MIDOLE?,"['Graphics', 'Graphic design', 'Animation']","['Cartoon', 'Animation', 'Meter']"
WMs3NOW1TDs,49182,https://i.ytimg.com/vi/WMs3NOW1TDs/default.jpg,YouTube Originals,"['Facial expression', 'Happiness', 'Sleep', 'Photo caption', 'Nap']","['Dugong', 'Dugongidae', ""Steller's sea cow"", 'Marine mammal', 'Seagrass', 'Mammal', 'Seagrass bed', 'Sea', 'Shore', 'Diverse family']"
CTFZoz-mB5k,15173,https://i.ytimg.com/vi/CTFZoz-mB5k/default.jpg,Nursery Reveal!,"['Dress', 'Bridal Clothing', 'Bride', 'Gown', 'Wedding dress', 'Photo shoot', 'One-piece garment', 'Haute couture', 'Bridal Party Dress', 'Linens']","['Wedding Dress', 'Wedding', 'Bride', 'Dress', 'Meter']"
J6R0X6NTnSw,135566,https://i.ytimg.com/vi/J6R0X6NTnSw/default.jpg,vevo AREN,"['Model', 'Long-sleeved T-shirt', 'Happiness', 'Photo shoot']",['Meter']
_ASpoeFRTZ0,14692,https://i.ytimg.com/vi/_ASpoeFRTZ0/default.jpg,NO BONES? B,[],"['Poster', 'Cartoon', 'Screenshot', 'Meter']"
nSbzyEJ8X9E,61664,https://i.ytimg.com/vi/nSbzyEJ8X9E/default.jpg,,"['Audio equipment', 'Entertainment', 'Electronic device', 'Music', 'Musician', 'Microphone', 'Song', 'Performing Arts', 'Singing', 'Performance']","['Bradley Cooper', 'A Star is Born', 'Lady Gaga', 'Joker: Folie à Deux', 'Musical', 'Shallow', 'Shallow', 'Academy Award for Best Picture', 'sad', 'Actor']"
AuWwlxym68g,5328,https://i.ytimg.com/vi/AuWwlxym68g/default.jpg,vevo,"['Facial expression', 'Night']","['Screenshot', 'Meter']"
CG9yQ8PXf6o,25683,https://i.ytimg.com/vi/CG9yQ8PXf6o/default.jpg,CR,"['Lips', 'Eyelash', 'Facial expression', 'Blond', 'Mascara', 'Advertising', 'Long hair', 'Model', 'Makeover', 'Cosmetics']","['Poster', 'Poster Aespa Dirty Work', 'Image', 'Design', 'Art', 'Erikstore', 'Illustration', 'Wall Art', 'Customizable Poster', 'Postersprints']"
4GZBn4_SfQQ,1666,https://i.ytimg.com/vi/4GZBn4_SfQQ/default.jpg,,"['Bird', 'Beak', 'Seabird', 'Penguin', 'Flightless bird', 'Gannets', 'Shorebirds']","['Hummingbirds', 'Emperor penguin', 'Birds', 'Penguins', 'Ruby-throated hummingbird', ""Anna's hummingbird"", 'Southern giant hummingbird', 'Short-beaked common dolphin', 'Bird Feeder', 'other']"
X3gKYTc6lbw,58926,https://i.ytimg.com/vi/X3gKYTc6lbw/default.jpg,"*I DECLARE INFINITY WAR""","['Fictional character', 'Video Game Software']","['Flame', 'Avengers: Infinity War', 'Flame', 'Marvel Studios', 'Alphaville', ""We Gon' Reign"", 'Trailer', 'Avengers: Endgame']"
zcEE8J2Bqa8,21734,https://i.ytimg.com/vi/zcEE8J2Bqa8/default.jpg,The GOBLIN,"['Facial expression', 'Poster', 'Film', 'Advertising', 'Photo caption', 'Fiction']","['Album cover', 'Cover art', 'Album', 'Phonograph record', 'Art', 'Other Record Labels', 'Artist', 'Quevedo', 'Image', 'create']"
JRocY48P0qA,27268,https://i.ytimg.com/vi/JRocY48P0qA/default.jpg,,"['Car', 'Car door', 'Hubcap', 'Minivan', 'Bumper', 'Fender', 'Compact van', 'Van', 'Automotive Mirror', 'Toyota Estima']","['1993 Toyota Previa', 'Van', '1995 Toyota Previa', 'Toyota', 'Car', 'Minivan', 'All-Trac', 'Mid-engine design', 'back']"
1WRUGR-glbQ,5625,https://i.ytimg.com/vi/1WRUGR-glbQ/default.jpg,MAN ABOUT CAKE,"['Cake', 'Cake decorating', 'Dessert', 'Sugar paste', 'Ingredient', 'Fondant icing', 'Cake Decorating Supply', 'Sugar cake', 'Icing', 'Food']",['Meter']
Bhplg8YCu-M,30778,https://i.ytimg.com/vi/Bhplg8YCu-M/default.jpg,,"['People', 'Film', 'Television show', 'Conversation', 'Meeting', 'Photo caption', 'Hero', 'News', 'Acting', 'Internet meme']","['Larry Nassar', 'Randall Margraves', 'light-hearted', '2124', 'Court', 'Austin Fun For Kids', 'contented', 'available', 'create', 'Child sexual abuse']"
de7GaRwrr8Q,2915,https://i.ytimg.com/vi/de7GaRwrr8Q/default.jpg,RARE EARTH,"['Parasitism', 'Science', 'Fractal art']",['Meter']
v2OTO6UEVAo,7262,https://i.ytimg.com/vi/v2OTO6UEVAo/default.jpg,CNN,"['Machine', 'Mining', 'Mud', 'Heavy equipment', 'Agriculture', 'Dirt road']","['Personal computer', 'Screenshot', 'Meter']"
9NkHIv25IH4,17164,https://i.ytimg.com/vi/9NkHIv25IH4/default.jpg,PUSHED TO THE EXTREME?,"['Animation', 'Graphic design']","['Cartoon', 'Animation', 'Cartoon Network', 'Cartoon Network India', 'Tom and Jerry', 'Cartoon Cartoons', 'animated cartoon', 'Humor', ""Weekend at Benson's"", 'Episode']"
AWgfOND2y68,0,https://i.ytimg.com/vi/AWgfOND2y68/default.jpg,,"['Fluid', 'Underwater', 'Underwater diving', 'Recreation', 'Diving equipment', 'Divemaster', 'Marine biology', 'Diving mask', 'Adventure', 'Underwater sports']","['Maren Morris', 'Girl', 'Girl', 'Country music', 'Dailymotion', 'Girl', 'Album', 'Song']"
j4KvrAUjn6c,139338,https://i.ytimg.com/vi/j4KvrAUjn6c/default.jpg,,"['Fun', 'Sleeveless shirt', 'Happiness', 'Cousin']","['light-hearted', 'create', 'MWEB', 'Austin Fun For Kids', '021', 'equal', '2124', '45886', 'Radio']"
a30K69hUJyo,15788,https://i.ytimg.com/vi/a30K69hUJyo/default.jpg,,"['Dinosaur', 'Extinction', 'Film', 'Animation', 'Velociraptor', 'Tyrannosaurus']","['Bloodhound', 'Crufts', 'Dog Breed', 'Breed All About It', 'Breed', 'Puppy', 'American Kennel Club', 'Hound Group', 'AKC dog breed', 'Guard dog']"
VeXoFFxxUyc,1339,https://i.ytimg.com/vi/VeXoFFxxUyc/default.jpg,ELLY RYAN,"['Smile', 'Necktie', 'Formal wear', 'Television presenter', 'Suit', 'Happiness', 'Television show', 'Blond', 'Entertainment', 'Fun']","['Arie Luyendyk Jr.', 'The Bachelor', 'Talent Show: The Movie', 'Talent show', 'Television', 'future', 'create', 'loved', 'Season finale', 'Episode']"
pn6azlyHzuU,27061,https://i.ytimg.com/vi/pn6azlyHzuU/default.jpg,,"['Abdomen', 'Muscle', 'Barechestedness', 'Torso', 'Thorax', 'Physical fitness', 'Bodybuilder', 'Stomach', 'Advertising', 'Navel']","['Kidd Keo', 'Kylo Ren', 'Star Wars: The Last Jedi', 'tall', 'Star Wars', 'YouTube', 'Christina Calph', 'Kylo Ren', 'wide']"
x4TZEVqKIvs,184755,https://i.ytimg.com/vi/x4TZEVqKIvs/default.jpg,DON'T TRUST TROY,"['Red', 'Facial expression', 'Poster', 'Film', 'Advertising', 'Happiness', 'Photo caption']",['Meter']
PaZsrAi6iJg,1864,https://i.ytimg.com/vi/PaZsrAi6iJg/default.jpg,,"['Dusk', 'Evening', 'Sunset', 'Sunrise', 'Astronomical object', 'Dawn', 'Afterglow', 'Red sky at morning', 'Animation', 'Star']","[""Alto's Odyssey"", ""Alto's Adventure"", ""Alto's Odyssey: The Lost City"", 'The Alto Collection', ""Alto's"", 'Team Alto', 'Mobile game', 'Snowman', 'Apple Arcade']"
aDBMVKtcG2Q,14215,https://i.ytimg.com/vi/aDBMVKtcG2Q/default.jpg,,"['Beard', 'Animation', 'Graphics', 'Lens flare', 'Film', 'Graphic design', 'Science', 'Television show', 'Hero']",[]
Wzq4qbNRFrw,82269,https://i.ytimg.com/vi/Wzq4qbNRFrw/default.jpg,2008 2018 ARTPIONSH,"['Blond', 'Tooth', 'Happiness', 'Screenshot', 'Step cutting']","['Animation', 'Cartoon', 'funny', 'Humor', 'Tom and Jerry', 'Cartoon Network India', 'Animated film', 'Frame Order', 'YouTube']"
sq4hYZlDPec,139177,https://i.ytimg.com/vi/sq4hYZlDPec/default.jpg,is FORTNITE DOOMED?,"['Game', 'Animation', 'Fictional character', 'PC game', 'Video Game Software', 'Digital compositing', 'Screenshot', 'Universe', 'Animated cartoon', 'Astronomical object']","['Overwatch', 'Fortnite', 'Super Mario', 'Overwatch', 'PlayStation 5', 'Luigi', 'Online game', 'Epic Games']"
2aThW4BSdbQ,12056,https://i.ytimg.com/vi/2aThW4BSdbQ/default.jpg,,"['Happiness', 'Entertainment', 'Ceremony', 'Television show', 'Television presenter']","['other', 'Focused', 'available', 'contented', 'continual', 'easy', 'Definition', 'Context', 'Dictionary', 'Idiom']"
BWJY1na9qao,8553,https://i.ytimg.com/vi/BWJY1na9qao/default.jpg,,"['Lips', 'Eyelash', 'Facial expression', 'Red hair', 'Selfie', 'Long hair', 'Hair coloring', 'Happiness', 'Lipstick', 'Step cutting']","['Red hair', 'Hair', 'Red']"
XdNOI-q70q4,46032,https://i.ytimg.com/vi/XdNOI-q70q4/default.jpg,5.000+ Calories,"['Food', 'Ingredient', 'Breakfast cereal', 'Mixture', 'Recipe', 'Cereal', 'Breakfast', 'Serveware', 'Vegetarian cuisine', 'Plastic']","['Cake', 'Birthday cake', 'Microwave Vanilla Cake', 'Simple birthday cake', 'Baking', 'Chocolate', 'Dessert', 'Pastry', 'Vanilla cake', 'Chocolate chip']"
bH8fQoYfZe8,19543,https://i.ytimg.com/vi/bH8fQoYfZe8/default.jpg,WONDER,"['Lips', 'Facial expression', 'Pink', 'Blond', 'Wig', 'Tooth', 'Eyelash', 'Lipstick', 'Makeover', 'Cosmetics']","['Maren Morris', 'Farrah Moan', ""RuPaul's Drag Race"", 'Girl', 'Dailymotion', 'Girl', 'Country music', 'delete']"
ET6XGZqOyjY,33164,https://i.ytimg.com/vi/ET6XGZqOyjY/default.jpg,before after $4 Goodwill,"['Dress', 'Shoulder', 'One-piece garment', 'Formal wear', 'Cocktail dress', 'Day Dress', 'Waist', 'Fashion design', 'Human back', 'Little black dress']","['Screenshot', 'Snipping Tool', 'Windows 10', 'Computer', 'Microsoft Windows', 'Operating System', 'Computer Monitor', 'Personal computer', 'screenshot']"
cZAryCaRE3k,6354,https://i.ytimg.com/vi/cZAryCaRE3k/default.jpg,STAR WARF SOLO FALCON EXCLUSIVE LOOK,"['Box', 'Fictional character', 'Packaging and labeling', 'Chewbacca', 'Moustache']","['Great white shark', 'Tiger shark', 'Sea otter', 'Humpback whale', 'Electric eel', 'California sea lion', 'Harbour porpoise', 'Gray whale', 'Porpoises', 'Tiger']"
zLuhCfBqf5U,33834,https://i.ytimg.com/vi/zLuhCfBqf5U/default.jpg,,"['Food', 'Ingredient', 'Dessert', 'Finger food', 'Recipe', 'Cooking', 'Baking', 'Comfort food', 'Cake', 'Chocolate']","['Stargazy pie', 'British Cuisine', 'Stuffing', 'Puff pastry', 'Banoffee pie', 'Quiche', 'Pie', 'Pastry', 'Fish pie', 'Cooking']"
MIQKlHSD89E,66224,https://i.ytimg.com/vi/MIQKlHSD89E/default.jpg,3127,"['Snout', 'Pack animal', 'Working animal']","['Basenji', 'Sloughi', 'Greyhound', 'Azawakh', 'Africanis', 'English Foxhound', 'Magyar Agár', 'Red fox', 'Hunting dog', 'Dog Breed']"
QDk-xa1oBXw,8358,https://i.ytimg.com/vi/QDk-xa1oBXw/default.jpg,GRAPEFRUIT STEAK,"['Food', 'Ingredient', 'Meat', 'Fried food', 'Produce', 'Recipe', 'Comfort food', 'Cooking', 'Chicken', 'Fast food']","['Piccata', 'Schnitzel', 'Cotoletta', 'Scaloppine', 'Parmo', 'Pork piccata', 'Fish piccata', 'Creamy chicken piccata', 'Chicken', 'Cutlet']"
VqcHUdHQ1u8,4054,https://i.ytimg.com/vi/VqcHUdHQ1u8/default.jpg,HELPING SANTA,"['Dog', 'Carnivores', 'Dog Clothes', 'Holiday', 'Happiness', 'Canidae', 'Christmas Day', 'Dog Supply', 'Toy dog', 'Pet Supply']","['Pembroke Welsh Corgi', 'Cardigan Welsh Corgi', 'Dorgi', 'Corgi-Chihuahua', 'Welsh Corgi', 'Dog Breed', 'Herding dog', 'Chihuahua', 'Breed', 'Herding']"
WfPu9Jrcpuk,137439,https://i.ytimg.com/vi/WfPu9Jrcpuk/default.jpg,LIKE,"['Entertainment', 'Animation', 'Performing Arts', 'Graphics', 'Love', 'Graphic design', 'Night', 'Salsa']","['Salsa spins', 'Tango', 'Ballroom dance', 'Tango', 'Salsa', 'Ballroom']"
FvLdEZ3mg54,365,https://i.ytimg.com/vi/FvLdEZ3mg54/default.jpg,,"['Facial expression', 'Pleased']","['Screenshot', 'Snipping Tool', 'screenshot', 'Windows 10', 'LEILA. GHARANI', 'Computer Monitor', 'Computer', 'Personal computer', 'Microsoft Windows']"
dg2ROPhbHg4,137,https://i.ytimg.com/vi/dg2ROPhbHg4/default.jpg,CNBC,['Night'],[]
0FBYDz1_EPs,631,https://i.ytimg.com/vi/0FBYDz1_EPs/default.jpg,NBC,"['Eyewear', 'Personal protective equipment', 'Goggles', 'Recreation', 'Helmet', 'Ski helmet', 'Ski Equipment', 'Sunglasses']","['Spider-Man', 'Erik Lehnsherr']"
SwqUpegUT2Q,5876,https://i.ytimg.com/vi/SwqUpegUT2Q/default.jpg,Director Interview AVENGERS Russo Bros BIG,"['Fictional character', 'Superhero', 'Hero', 'Avengers', 'Supervillain', 'Captain America']",['Meter']
kX0vO4vlJuU,1795542,https://i.ytimg.com/vi/kX0vO4vlJuU/default.jpg,,[],"['Jung Kook', 'Display device', 'BTS', 'Liquid-crystal display', 'Euphoria', 'Backlight', 'K-pop', 'Output device', 'Computer Monitor', 'Electronic visual display']"
sujW2qs0DzE,1637,https://i.ytimg.com/vi/sujW2qs0DzE/default.jpg,,"['Dog', 'Carnivores', 'Snout', 'Canidae', 'Working animal', 'Street dog', 'Photo caption', 'Barechestedness', 'Collage']","['Lion', 'Big Bird', 'The Muppets', 'Mr. Snuffleupagus', 'impressive', 'Visual Effects', 'Marvel Studios', 'Ant-Man and the Wasp', 'The Lion Whisperer']"
BcruuWQ2_9Q,12260,https://i.ytimg.com/vi/BcruuWQ2_9Q/default.jpg,Спра Boles,"['Happiness', 'Nail', 'Active Shirt']",[]
BQ_0QLL2gqI,184880,https://i.ytimg.com/vi/BQ_0QLL2gqI/default.jpg,Vevo,"['Eyelash', 'Long hair', 'Layered hair', 'Brown hair', 'Model', 'Step cutting', 'Fashion Model', 'Photo shoot', 'Cosmetics', 'Feathered hair']","['Hailee Steinfeld', 'Florida Georgia Line', 'Music video', 'Song', 'Girl', 'Let Me Go', 'Dailymotion', 'Country music', 'Girl']"
NOciiz9WK5Y,17321,https://i.ytimg.com/vi/NOciiz9WK5Y/default.jpg,DECONSTRUCTED,"['Eyewear', 'Glasses', 'Vision Care', 'Facial hair', 'Beard', 'Moustache', 'Screenshot']","['Drake', 'Kendrick Lamar', 'Animation', 'Inside Out 2', 'Cartoon', 'Kali Love', 'create', 'Illustration', 'Animator', 'Animated film']"
Dzr9f-rkjnw,636,https://i.ytimg.com/vi/Dzr9f-rkjnw/default.jpg,,"['Aircraft', 'Aviation', 'Fixed-wing aircraft', 'Aerospace Engineering', 'Military aircraft', 'Fighter aircraft', 'Aerospace manufacturer', 'Air travel']","['Aircraft', 'World War II', 'Lockheed P-80 Shooting Star', 'Airplane', 'Republic P-47 Thunderbolt', 'Boeing P-26 Peashooter', 'Lockheed T-33', 'Monoplane', 'Aviation']"
FApBWHvUzMs,30438,https://i.ytimg.com/vi/FApBWHvUzMs/default.jpg,IDIOTS EXPLAIN MONEY,"['Cash', 'Currency', 'Money', 'White-collar worker', 'Necktie', 'Banknote', 'Facial hair', 'News', 'Money Handling', 'Dollar']",['Meter']
Ga7thDlGbs8,356,https://i.ytimg.com/vi/Ga7thDlGbs8/default.jpg,,"['Formal wear', 'Suit', 'Necktie', 'Blazer', 'Coat', 'White-collar worker', 'Dress shirt', 'Spokesperson', 'Official', 'Speech']",['Speech']
LR2edIotyE8,0,https://i.ytimg.com/vi/LR2edIotyE8/default.jpg,SHE TOUCHED JAY-Z'S CHEST,"['Happiness', 'Facial expression', 'Long hair', 'Photo caption', 'Advertising', 'Laughter', 'Film', 'Screenshot', 'Television show']","['Screenshot', 'Snipping Tool', 'Windows 10', 'Computer', 'Computer Monitor', 'Microsoft Windows', 'Kevin STRATVERT', 'Print Screen', 'Operating System']"
Wo5XO8Y8lzE,12722,https://i.ytimg.com/vi/Wo5XO8Y8lzE/default.jpg,INSIDER,"['Facial expression', 'Happiness', 'Photo caption']","['Screenshot', 'Snipping Tool', 'Windows 10', 'Kevin STRATVERT', 'Computer', 'Microsoft Windows', 'Computer Monitor', 'LEILA. GHARANI', 'Operating System']"
SJmU2ewFhkg,1208,https://i.ytimg.com/vi/SJmU2ewFhkg/default.jpg,SJU,"['Superhero', 'Action', 'Fictional character', 'Entertainment', 'Hero', 'Avengers', 'Iron Man', 'Captain America', 'Film', 'Thor']",['Superhero']
NTN2gD9LJnU,6211,https://i.ytimg.com/vi/NTN2gD9LJnU/default.jpg,TOP 25 LEBRON & WADE PLAYS AS TEAMMATES,"['Jersey', 'Sports venue', 'Fan', 'Stadium', 'Sports Fan Jersey', 'Arena', 'Photobombing']","['BiblioTech South', 'Library', 'Old Town Library', 'Bookless library', 'Public Library', 'Library catalog', 'Knox County Public Library', 'just', 'Poudre River Public Library District', 'Hagerty Library']"
OpsHLG657lM,3338,https://i.ytimg.com/vi/OpsHLG657lM/default.jpg,,"['Entertainment', 'Performing Arts', 'Performance', 'Song', 'Singing', 'Musical ensemble', 'Pop music']","['The Darkness', 'Friday Night', 'Amazon Music', 'YouTube', 'Permission to Land', 'Greg McLean', 'Radha Mitchell', 'David Mazouz', 'Kevin Bacon']"
WXTNngJsBrI,9886,https://i.ytimg.com/vi/WXTNngJsBrI/default.jpg,POWER,"['Jacket', 'Film', 'Security', 'Zipper']","['Power', 'The Hunt', 'Only the Strong', 'Action', 'Action comedy', 'Thriller', 'famous', 'Action Thriller', 'Martial Arts']"
rz4Dd1I_fX0,36576,https://i.ytimg.com/vi/rz4Dd1I_fX0/default.jpg,TUPDATED PERIODIC Ta BLE SONG,['Graphic design'],['Meter']
7keZTcdouoY,4331,https://i.ytimg.com/vi/7keZTcdouoY/default.jpg,,"['White-collar worker', 'Government', 'Necktie', 'Official', 'Businessperson', 'Flag of the United States', 'Court', 'News', 'Television show', 'Meeting']","['Judge', 'Speech']"
4yG_k2Zlw7Y,9033,https://i.ytimg.com/vi/4yG_k2Zlw7Y/default.jpg,,"['Toy', 'Animation', 'Animated cartoon', 'Clay animation', 'Fictional character', 'Figurine']","['Stop motion', 'Animation', 'Modelling clay', 'Claymation', 'animated cartoon', 'animation technique', 'modeling', 'create', 'Plasticine', 'Anime']"
DkeiKbqa02g,413327,https://i.ytimg.com/vi/DkeiKbqa02g/default.jpg,vevo,"['Lips', 'Facial expression', 'Eyelash', 'Happiness']","['Dua Lipa', 'Screenshot', 'Snipping Tool', 'Computer Monitor', 'Computer', 'Windows 10', 'screenshot', 'impressive', 'Digital image']"
pvg2cw5oshg,3939,https://i.ytimg.com/vi/pvg2cw5oshg/default.jpg,vevo LUKE BRYAN HOOKED ON IT,"['Facial hair', 'Beard', 'Moustache', 'Plaid', 'Film']","['Luke Bryan', 'Album cover', 'Album', 'Studio album', 'Cover art', 'Tailgates & Tanlines', 'Artist', 'What Makes You Country', 'Phonograph record', 'Cry Pretty']"
IUmdcd_8Vwc,3043,https://i.ytimg.com/vi/IUmdcd_8Vwc/default.jpg,,"['Food', 'Ingredient', 'Baked Alaska', 'Dessert', 'Cream', 'Icing', 'Bavarian cream', 'Recipe', 'Dairy product', 'Cake']","['Lemon meringue pie', 'Lemon Juice', 'Meringue', 'Pie', 'Lemon', 'Meringue topping', 'Dessert', 'Baking', 'Egg', 'Lemon filling']"
lXfHgFRkOqE,7061,https://i.ytimg.com/vi/lXfHgFRkOqE/default.jpg,CONAN,"['Television presenter', 'Television show', 'News', 'Speech', 'Spokesperson', 'Display device']","['Speech', 'Pronunciation', 'articulation', 'Phone', 'Word', 'Dictionary', 'Grammar', 'Cambridge Dictionary', 'YouGlish', 'English']"
ahSKGi_21xg,32076,https://i.ytimg.com/vi/ahSKGi_21xg/default.jpg,MEAN TWEETS,"['Facial expression', 'Smile', 'Tooth', 'Happiness', 'Television presenter', 'News', 'Television show', 'Advertising', 'Photo caption', 'Laughter']","['Maren Morris', 'Musician', 'Celebrity', 'Girl', 'Funny meme', 'Girl', 'Country music', 'Speaking fee', 'Dailymotion']"
hwjdXBxeWsc,33770,https://i.ytimg.com/vi/hwjdXBxeWsc/default.jpg,GRILLED CHEESE,"['Food', 'Ingredient', 'Finger food', 'Bread', 'Fast food', 'Cooking', 'Cheese', 'Recipe', 'Breakfast', 'Staple food']","['Burger', 'Empanada', 'Hot cross bun', 'Bun', 'Bread roll', 'Bread', 'Sandwich', 'Ingredient', 'Cheese', 'Breakfast']"
_tAUu9tNNIM,21179,https://i.ytimg.com/vi/_tAUu9tNNIM/default.jpg,CONAN,"['Television show', 'Astronomical object', 'Display device', 'Night', 'Moon', 'Astronomy', 'Universe']","['Screenshot', 'Snipping Tool', 'Computer', 'Windows 10', 'Print Screen', 'Windows key', 'Microsoft Windows', 'Computer Monitor', 'Operating System']"
g0K5QoEj7FQ,62,https://i.ytimg.com/vi/g0K5QoEj7FQ/default.jpg,,"['Lips', 'Facial expression', 'Eyelash', 'Blond', 'Makeover', 'Lipstick', 'Singing', 'Happiness', 'Performance', 'Performing Arts']",[]
Nl6YEW1s7x8,12827,https://i.ytimg.com/vi/Nl6YEW1s7x8/default.jpg,vevo,"['White', 'Winter', 'Snowman', 'Snow', 'Precipitation', 'Freezing']","['Snowman', 'Snowman', 'Everyday Is Christmas', 'Song', 'Spotify', 'Lyrics', 'Short', 'Animation', 'Film director', '2017']"
oWw1BcFhk-k,547701,https://i.ytimg.com/vi/oWw1BcFhk-k/default.jpg,vevo,"['Film', 'Video Game Software']","['Screenshot', 'Snipping Tool', 'Kevin STRATVERT', 'Jungle Rot', 'screenshot', 'LEILA. GHARANI', 'Windows 10', 'Computer', 'Computer Monitor']"
oZm_N6aSU0E,9543,https://i.ytimg.com/vi/oZm_N6aSU0E/default.jpg,,['Screenshot'],"['House', 'House', 'Real Estate', 'Home', 'Mansion', 'Terraced house', 'Show house', 'create', 'Wall']"
prmQgSpV3fA,48421,https://i.ytimg.com/vi/prmQgSpV3fA/default.jpg,97 IRO BLACK THOUGHT,"['Eyewear', 'Hat', 'Vision Care', 'Facial hair', 'Sun hat', 'Beard', 'Moustache', 'Sunglasses', 'Cap', 'Fedora']","['Black Thought', 'Freestyle music', 'Musician', 'Fedora', 'Artist', 'Freestyle rap']"
izwomieBwG0,16032,https://i.ytimg.com/vi/izwomieBwG0/default.jpg,THE ORIGIN OF HIV Sei,"['Thumb', 'Nail', 'Advertising', 'Gesture', 'Ribbon']","[""Bird's eye chili"", 'Photo caption', 'Chili pepper', 'Piri piri', 'Subtitle']"
C54cHGCwBdk,15155,https://i.ytimg.com/vi/C54cHGCwBdk/default.jpg,,"['Facial expression', 'Happiness', 'News', 'Long hair', 'Television show']","['CBS Evening News', 'Television', 'Broadcasting', 'Live television', 'Host', 'Journalist', 'TV show host', 'NPR', 'Radio', 'Tony Dokoupil']"
qpkXi0-XkxI,13325,https://i.ytimg.com/vi/qpkXi0-XkxI/default.jpg,HOLLYWOOD MEDIUM,"['Eyelash', 'Blond', 'Long hair', 'Makeover', 'Advertising', 'News', 'Cosmetics', 'Hair care', 'Feathered hair']","['Maren Morris', 'Girl', 'Country music', 'Girl', 'Dailymotion', 'Album', 'Spotify', 'Song']"
NP9HAYTK1cU,8090,https://i.ytimg.com/vi/NP9HAYTK1cU/default.jpg,,"['Happiness', 'Facial expression', 'Child', 'School uniform', 'Musical ensemble', 'Film', 'Laughter', 'Sibling', 'Photo caption', 'Cousin']","['Herbert', 'Audience', 'YouTube', 'Republic Of Music', 'create', 'Accidental Records Ltd', 'YouTube', 'Book', 'Republic of Music']"
MWb2vazaD28,96405,https://i.ytimg.com/vi/MWb2vazaD28/default.jpg,ACCESS,[],"['Andrew Wave', 'Nicky Andersen', 'Dance move', 'Choreography', 'loved', 'Rhythm', 'impressive', 'succeeding', 'Kud ""Abrašević - Valjevo""', 'Nightclub']"
M2xqMZ6b85w,11844,https://i.ytimg.com/vi/M2xqMZ6b85w/default.jpg,WORLD'S LARGEST COMPUTER MOUSE,"['Advertising', 'Kit car']","['Hummer', 'Hummer H3', 'Hummer H2', 'Car', 'Hummer H3T', 'Caterham Cars', 'Lamborghini', 'Alpine A110', 'Caterham 7 CSR', 'Off-road vehicle']"
qZHycHI3F1Q,626333,https://i.ytimg.com/vi/qZHycHI3F1Q/default.jpg,,"['Football', 'Ball', 'Ball game', 'Shorts', 'Player', 'Team sport', 'Sports', 'Soccer ball', 'Sports equipment', 'Football']","['NFL', 'Mark Schlereth', 'Reggie Wayne', 'Mike Evans', 'Player', 'American Football player', 'American football', 'Six players', 'Soccer show', 'Quarterback']"
qv9Gt38LOKQ,25263,https://i.ytimg.com/vi/qv9Gt38LOKQ/default.jpg,OnePlus 5T,"['Electronic device', 'Gadget', 'Mobile phone', 'Communication Device', 'Portable communications device', 'Display device', 'Telephony', 'Mobile device', 'Technology', 'Smartphone']",['Meter']
NSgMcs1KdTI,1472,https://i.ytimg.com/vi/NSgMcs1KdTI/default.jpg,,"['Pink', 'Purple', 'Graphics', 'Graphic design', 'Crescent']","['Cheap Trick', ""We Gon' Reign"", 'The Epic Archive, Vol. 3 (1984–1992)', 'Dailymotion', 'Album', 'The Flame', 'YouTube', 'The Flame']"
RYGFczNMAMk,15229,https://i.ytimg.com/vi/RYGFczNMAMk/default.jpg,I got to fly with the Red Arrows,"['Poster', 'Aerospace Engineering', 'Aviation', 'Air travel', 'Advertising', 'Aircraft', 'Flight', 'Military aircraft', 'Fighter aircraft', 'Publication']","['Supervillain', 'Villain', 'Supervillain', 'Ko-fi', 'Comics', 'Born Like This', 'Text', 'YouTube', 'good']"
0ycLaWymtKk,34057,https://i.ytimg.com/vi/0ycLaWymtKk/default.jpg,,"['Red', 'Game', 'Indoor games and sports', 'Sphere']","['Skittles', 'Bowling', 'Tenpin bowling', 'Nine-pin bowling', 'Candlepin bowling', 'Bowling Pin', 'Skittles', 'Candy']"
leHtDz4Mj0M,2800,https://i.ytimg.com/vi/leHtDz4Mj0M/default.jpg,ALIPE ライブ,"['Eyewear', 'Glasses', 'Vision Care', 'Cap', 'Goggles', 'Sunglasses', 'Rapper', 'Baseball cap']","['PG One', 'Guangzhou', 'Hip-hop culture', 'Chinese hip-hop', 'Rapping', 'Concert', 'Song', 'Rapper']"
GqF5lyEUfMk,54290,https://i.ytimg.com/vi/GqF5lyEUfMk/default.jpg,,"['Happiness', 'Conversation', 'Gesture', 'Love']",['Romance']
y_WoOYybCro,101100,https://i.ytimg.com/vi/y_WoOYybCro/default.jpg,,"['Happiness', 'Smile', 'Film', 'Child', 'Laughter', 'Cousin']","['Will Smith', 'DJ Jazzy Jeff', 'The Fresh Prince of Bel-Air', 'The Fresh Prince of Bel-Air Reunion', 'HBO Max', 'Sitcom', 'Television', 'Actor', 'Bel-Air']"
e7sIvcYmuk0,12083,https://i.ytimg.com/vi/e7sIvcYmuk0/default.jpg,SALTY EXPLOSION,"['Food', 'Produce', 'Advertising', 'Fruit', 'Natural foods', 'Melon']","['Orange Juice', 'Valencia orange', 'Juice', 'Grapefruit', 'Blood orange', 'Mandarin orange', 'Orange', 'Organic Oranges', 'Tangelo', 'Citrus × aurantium']"
0xCggNCs2kU,3415,https://i.ytimg.com/vi/0xCggNCs2kU/default.jpg,vevo,"['Lips', 'Romance', 'Kiss', 'Facial expression', 'Love', 'Happiness', 'Gesture', 'Film', 'Flesh', 'Photo caption']","['Depeche Mode', 'Life 2.0', 'Dailymotion', 'Girl', 'Girl', 'Give Yourself to Me', 'Memento Mori', 'Song']"
x9e_8zRuuO8,6888,https://i.ytimg.com/vi/x9e_8zRuuO8/default.jpg,,"['Eyewear', 'Glasses', 'Vision Care', 'Facial expression', 'Happiness', 'Flesh', 'Moustache']","['Animation', 'Isolation', 'Cartoon', 'Album', 'EMI Records', 'animated cartoon', 'Humor', 'Orquídeas', 'Song']"
c0bsKc4tiuY,54972,https://i.ytimg.com/vi/c0bsKc4tiuY/default.jpg,TED THING,"['Stage', 'Design', 'Presentation', 'Speech']","['Display device', 'Liquid-crystal display', 'Backlight', 'Output device', 'Computer Monitor', 'Computer hardware', 'Liquid crystal', 'Information', 'used', 'Professor Messer']"
oOZ_Q6qzXuw,19168,https://i.ytimg.com/vi/oOZ_Q6qzXuw/default.jpg,,"['Motor vehicle', 'Car door', 'Compact MPV', 'Hubcap', 'Minivan', 'Trunk', 'Honda Motor Company', 'Car seat']","['2010 Mazda5', '2006 Mazda5', 'Mazda Motor Corporation', 'SUV', 'Car', 'Minivan', 'Fiat Multipla', 'Compact car', '2012 Mazda5 Sport', 'Compact MPV']"
YZ1UN5gvLjQ,95870,https://i.ytimg.com/vi/YZ1UN5gvLjQ/default.jpg,,"['Action', 'Armour', 'Film', 'PC game', 'Hero', 'Working animal', 'Video Game Software', 'Vikings', 'Horse', 'Digital compositing']","['Chris Evans', 'Avengers: Infinity War', 'Captain America', 'Thanos', 'Bucky Barnes / Winter Soldier', 'Thor', 'Marvel Cinematic Universe', 'Marvel Studios', 'Avengers: Doomsday', 'Avengers: Endgame']"
j6X6PhexHnE,18639,https://i.ytimg.com/vi/j6X6PhexHnE/default.jpg,,"['Facial hair', 'Facial expression', 'Moustache', 'Tooth', 'Happiness', 'Beard', 'Selfie', 'Throat']","['Photo caption', 'Subtitle']"
HFGzgtMyOZY,64840,https://i.ytimg.com/vi/HFGzgtMyOZY/default.jpg,TRAMPOLINE,"['Adventure', 'Chute']","['Ox', 'Bovinae', 'Bull', 'Calf', 'The Who', 'Breed', 'Farm', 'Castration', 'used', 'The Ox']"
3SqtO2VXsPI,6045,https://i.ytimg.com/vi/3SqtO2VXsPI/default.jpg,,"['Furniture', 'News', 'Display device', 'Studio', 'Television presenter', 'Television studio', 'Television show', 'Conversation', 'Interview', 'Television']","['Screenshot', 'Snipping Tool', 'Windows 10', 'Computer', 'Print Screen', 'Computer Monitor', 'Microsoft Windows', 'Operating System', 'screenshot']"
DhEjpq88wGw,10839,https://i.ytimg.com/vi/DhEjpq88wGw/default.jpg,LSINC BATTLE PREVIEW,"['Entertainment', 'Blond', 'Flesh', 'Advertising', 'Disco', 'Go-go dancing', 'Performing Arts']","['Maren Morris', 'Album', 'Girl', 'Country music', 'Girl', 'Dailymotion', 'Girl', 'Song']"
R1TSiB9OuVM,75168,https://i.ytimg.com/vi/R1TSiB9OuVM/default.jpg,vevo,"['White', 'Monochrome photography', 'Monochrome', 'Black and white']","['Sky Full Of Song', 'Monochrome', 'Florence + The Machine', 'Monochrome photography', 'Black and white', 'Image', 'Photography', 'Color', 'Song', 'Photograph']"
zi_6oaQyckM,359247,https://i.ytimg.com/vi/zi_6oaQyckM/default.jpg,JYP OFFICIAL,"['Entertainment', 'Party', 'Performing Arts', 'Happiness', 'Performance', 'Disco', 'Musical', 'Nightclub', 'Dance', 'Song']","['Animation', 'Meter']"
RQm0nKoODo4,67178,https://i.ytimg.com/vi/RQm0nKoODo4/default.jpg,TAKE ON ME 20th Seth Everman,['Graphic design'],"['Dan Gillmor', 'New media', 'Mass media', 'Media studies', 'Media literacy', 'Old media', 'Influence of mass media', 'Communication', 'Politics', 'Guide']"
H7gh2fmdjCU,127137,https://i.ytimg.com/vi/H7gh2fmdjCU/default.jpg,vevo,"['Facial hair', 'Beard', 'Moustache']","['Gallant', 'Gentleman', 'Mind of a Genius', 'Gentleman', 'kinocheck.com', 'Warner Music Group', 'Mind of a Genius Records', 'YouTube']"
UCrMn3LLMVU,22718,https://i.ytimg.com/vi/UCrMn3LLMVU/default.jpg,,"['Entertainment', 'Performing Arts', 'Song', 'Singing', 'Performance', 'Musical ensemble', 'Pop music', 'Night']","['Ballet', 'Performance M']"
FUQexMOrDBI,18957,https://i.ytimg.com/vi/FUQexMOrDBI/default.jpg,STOP AN ASTEROID?,"['Astronomical object', 'Outer space', 'Universe', 'Astronomy', 'Planet', 'Science', 'Graphics', 'Graphic design', 'Star']","['Insects', 'Ants', 'Fly', 'Hymenoptera', 'Beetles', 'Decline in insect populations', 'other', 'create', 'Species', 'just']"
s1APv5uO2VU,15229,https://i.ytimg.com/vi/s1APv5uO2VU/default.jpg,,"['Facial expression', 'Happiness', 'Screenshot']","['Maren Morris', 'Girl', 'Country music', 'Girl', 'Album', 'Dailymotion', 'Girl', 'Song']"
CzCfd0eaWoA,89289,https://i.ytimg.com/vi/CzCfd0eaWoA/default.jpg,DIY FIXER UPPER,"['Goggles', 'Tool', 'Hard hat', 'Sunglasses']","['senior', 'Senior', 'Old age', 'Retirement', 'National Senior Citizens Day', 'Age', 'Guide', 'other', 'connect', 'Retirement age']"
eOQpjvnm4ME,18320,https://i.ytimg.com/vi/eOQpjvnm4ME/default.jpg,LATE SULA A NOUSE DIVIDED CANNOT bert STOP HARASSING,"['News', 'Television presenter', 'White-collar worker', 'Formal wear', 'Necktie', 'Suit', 'Television show', 'Advertising', 'Businessperson', 'Official']","['Ernie Anastos', 'CBS Evening News', 'Television', 'Host', 'TV show host', 'NPR', 'Broadcasting', 'opening', 'Live television', 'TV Station']"
L_SyKf-ETlY,50794,https://i.ytimg.com/vi/L_SyKf-ETlY/default.jpg,OUR ENOUGH IS,"['Audio equipment', 'Performing Arts', 'Entertainment', 'Song', 'Microphone', 'Performance', 'Singing', 'Electronic device', 'Music', 'Pop music']","['Charlie Puth', 'Singer-songwriter', 'Song', 'Singeo', 'Guide', 'easy', 'Change', 'Songwriter', 'just', 'ready']"
jWkOwC7vMb4,46846,https://i.ytimg.com/vi/jWkOwC7vMb4/default.jpg,,"['Facial expression', 'Cartoon', 'Animation', 'Fictional character', 'Animated cartoon', 'Happiness', 'Fiction']",['Cartoon']
0zZ0Y_UZRBw,105077,https://i.ytimg.com/vi/0zZ0Y_UZRBw/default.jpg,,"['Eye shadow', 'Cosmetics', 'Mascara', 'Eye liner', 'Lipstick', 'Fictional character']","['Maren Morris', 'Album', 'Girl', 'Country music', 'Girl', 'Dailymotion', 'Girl', 'YouTube']"
By6Mi7VlqcU,1453,https://i.ytimg.com/vi/By6Mi7VlqcU/default.jpg,,"['Jacket', 'Facial hair', 'Hat', 'Beard', 'Cap', 'Rapper', 'Crew', 'Hoodie', 'Baseball cap', 'Beanie']","['Eminem', 'Dr. Dre', '50 Cent', 'create', 'Logic', 'Patiently Waiting', 'Eminem: E', 'Shade 45', 'future', 'The Death of Slim Shady (Coup de Grâce)']"
qVWzDX5NrhQ,16722,https://i.ytimg.com/vi/qVWzDX5NrhQ/default.jpg,LOL I BOUGHT A CARDBOARD CUTOUT,"['Pink', 'Blond', 'Long hair', 'Happiness', 'Brown hair', 'Layered hair', 'Nail', 'Feathered hair', 'Hair coloring']",['Blond']
96oKlWv5wSo,11661,https://i.ytimg.com/vi/96oKlWv5wSo/default.jpg,,"['Flame', 'Cooking', 'Fire', 'Meat', 'Food', 'Grilling', 'Roasting', 'Barbecue', 'Smoke']","['Flame', 'Flame', ""We Gon' Reign"", 'Alphaville', 'Fire', 'Pixabay', 'Song', 'Album', 'Flame', 'Music video']"
FApBWHvUzMs,29045,https://i.ytimg.com/vi/FApBWHvUzMs/default.jpg,IDIOTS EXPLAIN MONEY,"['Cash', 'Currency', 'Money', 'White-collar worker', 'Necktie', 'Banknote', 'Facial hair', 'News', 'Money Handling', 'Dollar']",['Meter']
DIM6F38ITsY,3646,https://i.ytimg.com/vi/DIM6F38ITsY/default.jpg,,"['Extreme sport', 'Stunt Performer', 'Stunt', 'Sports', 'Jumping', 'Boardsport', 'Street stunts', 'Balance', 'Kick scooter', 'Street sports']","['Bungee jumping', 'Pont Napoléon', 'Jumping', 'Extreme sport', 'Victoria Falls Bridge', 'World', 'Bridge', 'available', 'unavailable']"
tJFk9dPdxO0,13534,https://i.ytimg.com/vi/tJFk9dPdxO0/default.jpg,SKATING WITH AN OLYMPIAN,"['Recreation', 'Winter sports', 'Balance']",['Meter']
rvskMHn0sqQ,182771,https://i.ytimg.com/vi/rvskMHn0sqQ/default.jpg,EGOISTIC ALTRUISM,"['Graphic design', 'Graphics', 'Astronomical object', 'Universe', 'Science', 'Screenshot']","['Graphic design', 'Design', 'Graphics', 'Graphic Designer', 'Web design', 'YouTube', 'Science', 'Innovation', 'Scientist']"
exGGotfSuH0,1815,https://i.ytimg.com/vi/exGGotfSuH0/default.jpg,.. CHRISTMAS TIME?,"['Dog', 'Carnivores', 'Vertebrate', 'Welsh Corgi', 'Pembroke Welsh Corgi', 'Puppy', 'Snout', 'Toy', 'Canidae', 'Toy dog']","['Pembroke Welsh Corgi', 'Cardigan Welsh Corgi', 'Dorgi', 'Corgi-Chihuahua', 'Welsh Corgi', 'Chihuahua', 'Meter']"
Swv1il6PpN4,11552,https://i.ytimg.com/vi/Swv1il6PpN4/default.jpg,INSIDER,"['Food', 'Ingredient', 'Dessert', 'Recipe', 'Cake', 'Comfort food', 'Baking', 'Staple food', 'Finger food']","['Stuffing', 'Deviled egg', 'Chiles en nogada', 'Taco', 'Stuffed mushrooms', 'Mushroom', 'Agaricus bisporus', 'Bacon stuffed mushrooms', 'Chicken', 'Cream']"
oBVr0nUC5AA,719,https://i.ytimg.com/vi/oBVr0nUC5AA/default.jpg,LOUDWIRE NEWS,"['Entertainment', 'Performing Arts', 'Performance', 'Beard', 'Facial hair', 'Pop music', 'Singing', 'Song']","['Photograph', 'Image', 'Text', 'Photojournalism', 'Composition', 'Photo caption', 'create', 'Camera', 'Design', 'Guide']"
oY9GVZKwBhI,104599,https://i.ytimg.com/vi/oY9GVZKwBhI/default.jpg,,"['Happiness', 'Facial expression', 'Tooth', 'Collage', 'Long hair', 'Selfie', 'Step cutting', 'Nail', 'Laughter', 'Photobombing']","['Maren Morris', 'Dailymotion', 'Girl', 'Girl', 'Country music', 'Amazon Prime Video', 'Video on demand', 'Filmmaking']"
hLgIghY-FGc,37198,https://i.ytimg.com/vi/hLgIghY-FGc/default.jpg,BATHING ALL MY PETS,"['Photo caption', 'Screenshot']",['Meter']
EqeIRzY7hIU,22810,https://i.ytimg.com/vi/EqeIRzY7hIU/default.jpg,6 CHEESE GADGETS TEST,"['Food', 'Yellow', 'Ingredient', 'Cheese', 'Dairy product', 'Kitchen utensil', 'Processed cheese', 'Recipe', 'Provolone', 'Cheddar cheese']","['Yellow pepper', 'Egg and chips', ""Kids' meal"", 'Meal', 'Tangelo', 'French fries', 'Kumquat', 'Dessert', 'Clementine', 'Egg']"
XdNOI-q70q4,40087,https://i.ytimg.com/vi/XdNOI-q70q4/default.jpg,5.000+ Calories,"['Food', 'Ingredient', 'Breakfast cereal', 'Mixture', 'Recipe', 'Cereal', 'Breakfast', 'Serveware', 'Vegetarian cuisine', 'Plastic']","['Ice Cream', 'Cake', 'Birthday cake', 'Icing', 'Zuppa inglese', 'Milkshake', 'Simple birthday cake', 'Chocolate', 'Pastry', 'Chocolate chip']"
Kn5UgGQukYQ,0,https://i.ytimg.com/vi/Kn5UgGQukYQ/default.jpg,,"['Furniture', 'Sitting', 'Conversation', 'Gesture', 'Chair', 'Television show', 'Coffee table', 'Debate', 'Businessperson', 'Meeting']",['Sitting']
gm5P74vcB84,1499,https://i.ytimg.com/vi/gm5P74vcB84/default.jpg,1mm PCB Losed 00 品,"['Technology', 'Flashlight', 'Laser pointer', 'Laser', 'Diagram']","['Airsoft', 'Gun']"
bTfJa_Qb5T0,62776,https://i.ytimg.com/vi/bTfJa_Qb5T0/default.jpg,,"['Garage', 'Garage door', 'Home Door']","['Garage Door', 'Door', 'Clopay', 'Garage', 'WalkThru Garage Doors Inc.', 'Renovation', 'Amarr', 'Leland Garage Doors & Openers, Inc.', 'House', 'Home Depot']"
3McYSX6jSIg,598,https://i.ytimg.com/vi/3McYSX6jSIg/default.jpg,,"['Mountain', 'Mountainous landforms', 'Cloud', 'Mountain range', 'Highland', 'Hill', 'Terrain', 'Ridge', 'Valley', 'Summit']","['Mount Scenery', 'Alps']"
PfZHU8ZT-Uo,1370,https://i.ytimg.com/vi/PfZHU8ZT-Uo/default.jpg,Passion & History,"['Artisan', 'Metalworking hand tool', 'Tool']",['Meter']
Nl6YEW1s7x8,12444,https://i.ytimg.com/vi/Nl6YEW1s7x8/default.jpg,vevo,"['White', 'Winter', 'Snowman', 'Snow', 'Precipitation', 'Freezing']","['Snowman', 'Snowman', 'Everyday Is Christmas', 'Film director', 'YouTube', 'Song', 'YouTube', 'Trailer', 'official']"
zuRd_Eneuk8,26799,https://i.ytimg.com/vi/zuRd_Eneuk8/default.jpg,,"['Eyebrow', 'Lips', 'Jaw', 'Facial expression', 'Eyelash', 'Gesture', 'Happiness', 'Portrait photography']","['Greg McLean', 'The Darkness', 'The Darkness', 'Spotify', 'Song', 'Darkness', 'Album', 'Rock and Roll Deserves to Die', 'The Police', 'Easter Is Cancelled']"
y8lFgF_IjPw,35866,https://i.ytimg.com/vi/y8lFgF_IjPw/default.jpg,EIGHTH GRADE TRAILER,"['Jaw', 'Facial expression', 'Blond', 'Eyelash', 'Brown hair', 'Happiness', 'Step cutting', 'Layered hair', 'Hair coloring', 'Feathered hair']","['Blond', 'Meter']"
K45mFsyZxtU,21307,https://i.ytimg.com/vi/K45mFsyZxtU/default.jpg,SNL,"['Formal wear', 'Suit', 'News', 'Coat', 'White-collar worker', 'Necktie', 'Blazer', 'Television presenter', 'Television show', 'Advertising']","['Gallant', 'Gentleman', 'Mind of a Genius', 'kinocheck.com', 'Warner Music Group', 'The Gentlemen', 'YouTube', 'Mind of a Genius Records']"
6S9c5nnDd_s,279714,https://i.ytimg.com/vi/6S9c5nnDd_s/default.jpg,BOHEMIAN HO OFFICIAL TRAILER,"['Entertainment', 'Performing Arts', 'Performance', 'Poster', 'Pop music', 'Film', 'Action', 'Hero', 'Song', 'Advertising']",['Meter']
DcCh33lJLMw,75587,https://i.ytimg.com/vi/DcCh33lJLMw/default.jpg,YOGA HALLENGE,"['Entertainment', 'Physical fitness', 'Yoga', 'Performing Arts', 'Exercise', 'Yoga pants', 'Choreography', 'Hip', 'Acrobatics', 'Balance']","['The Dancer', 'Dancer', 'Hiplet', 'Meritorio Records', 'Private Dancer', 'Tina Turner', 'Lily-Rose Depp', 'Breez Carver', 'Stéphanie Di Giusto', 'Soko']"
wW4JB9tjlik,28627,https://i.ytimg.com/vi/wW4JB9tjlik/default.jpg,BOX FORT PRIS ON ESCAPE,[],"['Cartoon', 'Tom and Jerry', 'Cartoon Network', 'Animation', 'Episode', 'Cartoon Network India', 'animated cartoon', 'YouTube Kids', 'Relax Bear', 'Humor']"
ESyJop31cmY,30263,https://i.ytimg.com/vi/ESyJop31cmY/default.jpg,,"['Branch', 'Woody plant', 'Trunk', 'Shore', 'Coast', 'Twig', 'Wind', 'Beach', 'Tropics']","['Tree', 'Garden', 'Plant', 'From the Woods Today', 'Forest stand', 'TreePeople', 'create', 'Plant life-form', 'mature', 'Broccoli']"
rQ7yPtJ5Y7I,58,https://i.ytimg.com/vi/rQ7yPtJ5Y7I/default.jpg,MONEY THE WORLD,"['Facial expression', 'Headgear', 'Happiness', 'Smile', 'Laughter']","['The Darkness', 'The Darkness', 'Darkness', 'The Drowns', 'Darkness', 'Album', 'Song', 'Easter Is Cancelled', 'The Police', 'Spotify']"
ir0G79oHXMc,43365,https://i.ytimg.com/vi/ir0G79oHXMc/default.jpg,JASON DERULO COLORS DERIAO JASON DERULO FORS,"['Font', 'Graphic design', 'Graphics', 'Advertising', 'Label']","['Display device', 'Meter', 'Computer Monitor']"
dLRMA_lWsDY,17482,https://i.ytimg.com/vi/dLRMA_lWsDY/default.jpg,,"['Thigh', 'Furniture', 'Sitting', 'Television show', 'Knee', 'Conversation', 'Television presenter', 'Studio', 'Interview', 'Lap']","['other', 'Definition', 'Performance', 'available', 'contented', 'continual', 'easy', 'Audience', 'Context', 'Entertainment']"
gw82GrEt370,160171,https://i.ytimg.com/vi/gw82GrEt370/default.jpg,OMG!,"['Office supplies', 'Paper Product', 'Office Equipment', 'Writing implement', 'Paper', 'Stationery', 'Notebook', 'Pen', 'Ring binder', 'Office Instrument']","['Graphic design', 'Graphics', 'Design', 'Graphic Designer', 'Creativity', 'Visual Arts', 'Designer', 'Image', 'opening', 'create']"
Yzx_tSlifIw,321,https://i.ytimg.com/vi/Yzx_tSlifIw/default.jpg,,"['Entertainment', 'Film', 'Video Game Software', 'Night', 'Performing Arts', 'Animation', 'Television show', 'PC game', 'Acting', 'Digital compositing']","['The Darkness', 'Greg McLean', 'The Darkness', 'Friday Night', 'Amazon Music', 'Permission to Land', 'Thriller', 'Kevin Bacon', 'Lucy Fry', 'Radha Mitchell']"
kUZlz6VbMCg,37162,https://i.ytimg.com/vi/kUZlz6VbMCg/default.jpg,,"['Moon', 'Photograph', 'White', 'Night', 'Astronomical object', 'Monochrome photography', 'Full moon', 'Event', 'Astronomy', 'Moonlight']","['Earth', 'Moon', 'GIF', 'Full moon', 'SVS', 'Lunar water', 'Lunar south pole', 'Lunar phase', 'Libration', 'Lunar soil']"
xffS8n-M0Jg,130279,https://i.ytimg.com/vi/xffS8n-M0Jg/default.jpg,HOW TO BE PETTY 101,"['Alcoholic drink', 'Drinking', 'Bottle', 'Liquor', 'Nail', 'Advertising', 'Taste', 'Wine']","['Maren Morris', 'Girl', 'Dailymotion', 'Girl', 'Country music', 'Girl', 'Song', 'Spotify']"
exsOim0Lyl4,21819,https://i.ytimg.com/vi/exsOim0Lyl4/default.jpg,,"['Facial expression', 'White-collar worker', 'Happiness', 'Necktie', 'Flag of the United States', 'News', 'Suit', 'Official', 'Television presenter', 'Gesture']","['2020 United States presidential debates', 'Debate', 'Presidential nominee', 'Fact-checking', 'United States presidential debates', 'Jane C Timm']"
5-l84AgchWA,596,https://i.ytimg.com/vi/5-l84AgchWA/default.jpg,HOW TO BUY A SUIT,"['Formal wear', 'White-collar worker', 'Dress shirt', 'Blazer', 'Advertising', 'Job', 'Necktie', 'Businessperson', 'Suit trousers', 'Photo caption']",['Meter']
p3MjsrMNCbU,7125,https://i.ytimg.com/vi/p3MjsrMNCbU/default.jpg,Freddie Mercury,"['Barechestedness', 'Professional Wrestler', 'Muscle', 'Bodybuilder', 'Combat sport', 'Striking combat sports', 'Advertising', 'Contact sport', 'Bodybuilding', 'Professional Boxer']","['Freddie Mercury', 'Queen', 'Lead vocalist', 'Mr. Bad Guy', 'Song', 'Musical ensemble', 'Bohemian Rhapsody', 'famous', 'Barcelona', 'Heavy metal']"
bSYNEkkuhoA,6087,https://i.ytimg.com/vi/bSYNEkkuhoA/default.jpg,MATCHA,"['Moustache', 'Nail', 'Food', 'Hemp', 'Selfie']",['Meter']
lBbSzQXQknw,37452,https://i.ytimg.com/vi/lBbSzQXQknw/default.jpg,,"['Happiness', 'Facial expression', 'Tooth', 'Smile', 'Gesture', 'Laughter', 'Screaming', 'Television show', 'News', 'Photo caption']","['Timbre', 'Vocal coach', 'vocal technique', 'Pitch', 'Lyrics', 'Singeo', 'Song', 'Tune', 'Musical tone', 'Alto']"
lVudO9x8fbQ,235893,https://i.ytimg.com/vi/lVudO9x8fbQ/default.jpg,billboard,"['Jacket', 'Film', 'Collage', 'Collection']","['Event management', 'Event management software', 'J Low Events', 'Festival', 'Guide', 'create', 'Eventbrite', 'Music Festival', 'Ticket']"
X9QiHlEC22U,4959,https://i.ytimg.com/vi/X9QiHlEC22U/default.jpg,,"['Facial expression', 'Smile', 'Stuffed toy', 'Plush', 'Toy', 'Fur', 'Happiness', 'Selfie']","['Maren Morris', 'Girl', 'Girl', 'Girl', 'Country music', 'Dailymotion', 'Song', 'Filmmaking']"
uBUnmdd5-iA,36394,https://i.ytimg.com/vi/uBUnmdd5-iA/default.jpg,,"['Facial expression', 'Happiness', 'Gesture', 'Animation', 'Animated cartoon', 'Pleased', 'Clip art', 'Comedy', 'Photo caption']","['Rowan Atkinson', 'Cody Lyon', 'Animation', 'Mr. Bean', 'Traditional animation', 'Animated film', 'Animator', 'Image', 'Cel']"
gvZW4Lh-8Mc,136,https://i.ytimg.com/vi/gvZW4Lh-8Mc/default.jpg,,"['People', 'Happiness', 'Smile', 'Facial expression', 'Friendship', 'Child', 'Fun', 'Blond', 'Love', 'Toddler']","['Maren Morris', 'Girl', 'Girl', 'Country music', 'Dailymotion', 'Girl', 'Song', 'Amazon Prime Video']"
v3y7FE76H7c,13654,https://i.ytimg.com/vi/v3y7FE76H7c/default.jpg,in fake,"['Happiness', 'Film', 'Advertising', 'Collage', 'Television show']","['Maren Morris', 'Girl', 'Girl', 'Country music', 'Dailymotion', 'Girl', 'YouTube']"
qDDNcyOhqCI,2396,https://i.ytimg.com/vi/qDDNcyOhqCI/default.jpg,C MOVIE TALK,"['Action', 'Film', 'Entertainment', 'Hero', 'Poster', 'Video Game Software', 'PC game', 'Fictional character', 'Animation', 'Graphics']","['The Siege', 'Action', 'Hunter Killer', 'Action Thriller', 'Only the Strong', 'Thriller', 'Martial Arts', 'Action comedy']"
LTNOYZ44ywM,430,https://i.ytimg.com/vi/LTNOYZ44ywM/default.jpg,CNBC,"['Traffic collision', 'Rail transport', 'Train', 'High-speed rail', 'Track', 'Rolling stock', 'Collision']","['Train', 'Amtrak', 'Passenger train', 'Rail transport', 'Passenger', 'Acela Express', 'Travel', 'Amtrak', 'Train ticket']"
b8GGWHGkx3Y,16183,https://i.ytimg.com/vi/b8GGWHGkx3Y/default.jpg,PUPPY SURPRISE,"['Dog', 'Carnivores', 'Puppy', 'Toy dog', 'Water dog', 'Poodle', 'Snout', 'Canidae', 'Poodle crossbreed', 'Labradoodle']","['Lion', 'Cheetah', 'Nat Geo Wild', 'Serengeti', 'YouTube', 'MerchNow', 'National Geographic', 'Magotho Camp (Khwai Development Trust)', 'strong']"
36tggrpRoTI,1020172,https://i.ytimg.com/vi/36tggrpRoTI/default.jpg,vevo,"['Forehead', 'Facial expression', 'Portrait photography', 'Gesture', 'Photo shoot', 'Model', 'Portrait', 'No expression', 'Long-sleeved T-shirt', 'Film']","['Shawn Mendes', 'The Darkness', 'Amazon Music', 'Album', 'Darkness', 'Disturbed', 'Friday Night', 'Song', 'Señorita', 'Believe']"
Q32uEd5KF2k,93,https://i.ytimg.com/vi/Q32uEd5KF2k/default.jpg,,"['Happiness', 'Facial hair', 'Conversation', 'Love']",[]
ufynqs_COF4,380099,https://i.ytimg.com/vi/ufynqs_COF4/default.jpg,,"['Technology', 'Aviation', 'Aircraft', 'Aerospace Engineering', 'PC game', 'Screenshot', 'Video Game Software']","['Mountain', 'Mount Baker', 'Longs Peak', 'Boulder Mountain', 'Mount Blue Sky', 'Glacier Peak', 'Mount Everest', 'Mount Jefferson', 'Mount Adams', 'Mauna Kea']"
hN8mNXa3ICo,27221,https://i.ytimg.com/vi/hN8mNXa3ICo/default.jpg,,"['Doughnut', 'Finger food', 'Junk food', 'Food', 'Dessert', 'Advertising', 'American cuisine', 'Ciambella', 'Fast food', 'Eating']","['Cloudberry', 'Cloudberry jam', 'Berry', 'Dessert', 'Fruit', 'Cream', 'Apple', 'Candy apple', 'Cherry', 'Ingredient']"
PDZg4veidX0,3175,https://i.ytimg.com/vi/PDZg4veidX0/default.jpg,vevo SCOTTY MCCREERY,"['Happiness', 'Album cover', 'Photo caption']","['Scotty McCreery', 'Screenshot', 'Snipping Tool', 'Computer Monitor', 'Computer', 'Windows 10', 'Print Screen', 'Operating System', 'screenshot']"
oRArmtMA9AI,226643,https://i.ytimg.com/vi/oRArmtMA9AI/default.jpg,,['Happiness'],"['The Darkness', 'Darkness', 'Chordify', 'New Thang', 'The Police', 'Song', 'Music video', 'Album', 'Rock and Roll Deserves to Die', 'Easter Is Cancelled']"
PgNAmWjInGk,26734,https://i.ytimg.com/vi/PgNAmWjInGk/default.jpg,OVERWATCH RETRIBUTION -,"['Game', 'Action', 'Video Game Software', 'Screenshot', 'PC game', 'Poster', 'Shooter game', 'Advertising', 'Fictional character', 'Armour']","['Screenshot', 'Snipping Tool', 'Windows 10', 'Print Screen', 'Computer', 'Computer Monitor', 'Microsoft Windows', 'Operating System', 'screenshot']"
i0p1bmr0EmE,1281992,https://i.ytimg.com/vi/i0p1bmr0EmE/default.jpg,119 JYP OFFICIAL,"['Dress', 'Gown', 'Event', 'Formal wear', 'One-piece garment', 'Bridal Clothing', 'Fashion design', 'Strapless dress', 'Bridal Party Dress', 'Haute couture']","['TWICE', 'What is Love?', 'What is Love?', 'TWICE - 5th Mini Album - What Is Love?', 'JYP Entertainment', 'Song', 'Album', 'Extended play', 'Lyrics', 'ENHYPEN']"
48qcnpCWBq0,153706,https://i.ytimg.com/vi/48qcnpCWBq0/default.jpg,vevo,"['Facial expression', 'Eyelash', 'Portrait photography', 'Feathered hair', 'Photo caption']","['Maren Morris', 'Chordify', 'Girl', 'Girl', 'Dailymotion', 'Cifra Club', 'Country music', 'Chord', 'Dincolo de noi']"
YI3tsmFsrOg,234796,https://i.ytimg.com/vi/YI3tsmFsrOg/default.jpg,BACTERIOPHAGE,"['Graphic design', 'Graphics', 'Night', 'Animation', 'Science', 'Star', 'Screenshot']","['Fly', 'Light', 'Termite', 'Pterygota', 'Bug Zapper', 'Window', 'Alate', 'Street light', 'Light source', 'Lamp']"
Zo_mpwmashg,62168,https://i.ytimg.com/vi/Zo_mpwmashg/default.jpg,TRUMP ANTHEM A BAD LIP READING,"['News', 'Flag of the United States', 'Photo caption']","['Home inspection', 'NPR', 'A Bad Lip Reading', 'create', 'US President', 'Television', 'live', 'past', 'Inspection', 'Host']"
37R2_bvJjGM,27574,https://i.ytimg.com/vi/37R2_bvJjGM/default.jpg,A LITTLE UPDATE,"['Facial expression', 'Happiness', 'Selfie', 'Screenshot']",['Meter']
Dzr9f-rkjnw,2484,https://i.ytimg.com/vi/Dzr9f-rkjnw/default.jpg,,"['Aircraft', 'Aviation', 'Fixed-wing aircraft', 'Aerospace Engineering', 'Military aircraft', 'Fighter aircraft', 'Aerospace manufacturer', 'Air travel']","['Aircraft', 'Lockheed P-80 Shooting Star', 'World War II', 'Boeing P-26 Peashooter', 'Republic P-47 Thunderbolt', 'Airplane', 'Monoplane', 'Lockheed T-33', 'Supersonic aircraft']"
Rzuts_VwAL4,542,https://i.ytimg.com/vi/Rzuts_VwAL4/default.jpg,LIP SYNC BATTLE PREVIEW,"['Lips', 'Facial expression', 'Tooth', 'Happiness', 'Muscle', 'Entertainment', 'Advertising', 'Long hair', 'Film', 'Song']","['Maren Morris', 'Dailymotion', 'Girl', 'Country music', 'Girl', 'Song', 'Girl', 'Album']"
8ikZqUKIHbY,38,https://i.ytimg.com/vi/8ikZqUKIHbY/default.jpg,Pend,"['Bottle', 'Personal care', 'Plastic bottle']","['Plastic bottle', 'Plastic', 'Bottle']"
Nb_t6X541yo,15887,https://i.ytimg.com/vi/Nb_t6X541yo/default.jpg,,"['Eyewear', 'Glasses', 'Vision Care', 'Facial expression', 'Happiness', 'Smile', 'Tooth', 'Pink', 'Gadget', 'Communication Device']",[]
dzxFdtWmjto,128720,https://i.ytimg.com/vi/dzxFdtWmjto/default.jpg,SONY VENOM TEASER TRAILER,"['Facial hair', 'Advertising', 'Beard', 'Film', 'Moustache', 'Graphics', 'Graphic design', 'Action']","['Action', 'Meter']"
_s1M-rkDO8Q,1216,https://i.ytimg.com/vi/_s1M-rkDO8Q/default.jpg,LEGIO FX PREVIEW,"['Eyewear', 'Glasses', 'Vision Care', 'Gesture', 'Goggles', 'Sunglasses', 'Sign language']",['Screenshot']
qS6LoRYUdhw,40745,https://i.ytimg.com/vi/qS6LoRYUdhw/default.jpg,DEADLY DRUGS,"['Advertising', 'Science']",['Meter']
Gi56dSh8Fq8,10070,https://i.ytimg.com/vi/Gi56dSh8Fq8/default.jpg,M Big Mac,"['Food', 'Eating', 'Food craving', 'Junk food', 'Finger food', 'Advertising', 'Fast food', 'Sandwich', 'Comfort food', 'Taste']","['Taco', 'Salsa', 'Fast food', 'Taco meat', 'Gluten free tortillas', 'Crisps', 'Tapas', 'Onion garlic ginger', 'Lunch', 'Dinner']"
PdbJBDNotf8,26683,https://i.ytimg.com/vi/PdbJBDNotf8/default.jpg,Creaker,"['Shoe', 'Footwear', 'Sneakers', 'Walking Shoe', 'Outdoor Shoe', 'Sock', 'Boot', 'Shoe store', 'Balance']","['Girl', 'Album', 'Girl', 'Country music', 'Dailymotion', 'Song', 'Girl', 'Girl']"
fMaC7IeGKNQ,4586,https://i.ytimg.com/vi/fMaC7IeGKNQ/default.jpg,CONAN,"['Gesture', 'Television show', 'Screenshot', 'News', 'Photo caption', 'Speech']","['Screenshot', 'Snipping Tool', 'Windows 10', 'Computer', 'Computer Monitor', 'Microsoft Windows', 'LEILA. GHARANI', 'Operating System', 'screenshot']"
hcfMZ6qjdXM,381,https://i.ytimg.com/vi/hcfMZ6qjdXM/default.jpg,15 SCIENCETAKE,['Science'],"['Porpoises', 'Orca', 'Screenshot', 'Meter']"
5wKYV-9Tq1o,17869,https://i.ytimg.com/vi/5wKYV-9Tq1o/default.jpg,HOLIDAY HUMMING CHALLENGE,"['Facial expression', 'Happiness', 'Fictional character', 'Fur clothing', 'Costume', 'Holiday', 'Christmas Day', 'Laughter', 'Advertising', 'Pleased']","['Animation', 'Meter']"
iZpxzfMkVzM,5946,https://i.ytimg.com/vi/iZpxzfMkVzM/default.jpg,KYOTO KITCHO,"['Night', 'Lighting', 'Electricity', 'Midnight', 'Light fixture', 'Security lighting', 'Landscape lighting']","['Poster', 'Poster Aespa Dirty Work', 'Image', 'Illustration', 'Erikstore', 'Design', 'Customizable Poster', 'Art', 'Wall Art', 'Postersprints']"
ZT0CCaKDxjg,95855,https://i.ytimg.com/vi/ZT0CCaKDxjg/default.jpg,,"['Finger', 'Facial expression', 'Gesture', 'Thumb', 'Happiness']","['Selfie', 'The Chainsmokers', 'Photograph', 'Photography', 'Self-portrait', 'Portrait', 'Portrait photography', 'Photographer', '#SELFIE', 'self-portrait photography']"
7P-PNa0bxQg,17448,https://i.ytimg.com/vi/7P-PNa0bxQg/default.jpg,DIRTY DATA HOP S T H,"['Font', 'Screenshot', 'Photo caption', 'Graphic design']","['Screenshot', 'Windows 10', 'Snipping Tool', 'Computer', 'screenshot', 'Microsoft Windows', 'Operating System', 'Personal computer', 'Computer Monitor']"
EU-eQpCqBXQ,141787,https://i.ytimg.com/vi/EU-eQpCqBXQ/default.jpg,BUYING USED THINGS,"['Font', 'Screenshot']","['Cartoon', 'Meter']"
akNs04ef_Co,116122,https://i.ytimg.com/vi/akNs04ef_Co/default.jpg,,['Selfie'],"['Beck', 'Girl', 'Album', 'Country music', 'Dailymotion', 'Girl', 'Girl', 'Song']"
s1APv5uO2VU,16187,https://i.ytimg.com/vi/s1APv5uO2VU/default.jpg,,"['Facial expression', 'Happiness', 'Screenshot']","['Maren Morris', 'Movie theater', 'Dailymotion', 'Girl', 'Girl', 'Country music', 'YouTube']"
7keZTcdouoY,6355,https://i.ytimg.com/vi/7keZTcdouoY/default.jpg,,"['White-collar worker', 'Government', 'Necktie', 'Official', 'Businessperson', 'Flag of the United States', 'Court', 'News', 'Television show', 'Meeting']","['Judge', 'Speech']"
F0rXPrnC_Ps,4635,https://i.ytimg.com/vi/F0rXPrnC_Ps/default.jpg,,"['Furniture', 'Couch', 'Living room', 'Leisure', 'Television show', 'Daybed', 'Display device', 'Houseplant', 'Coffee table']",[]
